collision-id,report-number,report-version,is-preliminary,ncic-code,crash-date-time,crash-time-description,beat,city-id,city-code,city-name,county-code,city-is-active,city-is-incorporated,collision-type-code,collision-type-description,collision-type-other-desc,day-of-week,dispatch-notified,has-photographs,hit-run,is-attachments-mailed,is-deleted,is-highway-related,is-tow-away,judicial-district,motor-vehicle-involved-with-code,motor-vehicle-involved-with-desc,motor-vehicle-involved-with-other-desc,number-injured,number-killed,lighting-code,lighting-description,latitude,longitude,milepost-direction,milepost-distance,milepost-marker,milepost-unit-of-measure,pedestrian-action-code,pedestrian-action-desc,prepared-date,primary-collision-factor-code,primary-collision-factor-description,primary-collision-factor-is-cited,primary-collision-party-number,primary-road,reporting-district,reporting-district-code,reviewed-date,roadway-surface-code,secondary-direction,secondary-distance,secondary-road,secondary-unit-of-measure,sketch-desc,traffic-control-device-code,created-date,modified-date,is-county-road,is-freeway,chp-555-version,is-additonal-object-struck,notification-date,notification-time-description,has-digital-media-files,evidence-number,is-location-refer-to-narrative,is-aoi-one-same-as-location
1752627,9370-2022-01056,1,False,9370,4/15/2022 9:34:00 AM,934,052,14,109,Oakland,1,True,True,B,SIDE SWIPE,,Friday,NotApplicable,False,,,False,True,True,ALAMEDA SUPERIOR COURT WILEY W. MANUEL COURTHOUSE,C,OTHER MOTOR VEHICLE,,1,0,A,DAYLIGHT,37.785664,-122.193292,,,,,A,NO PEDESTRIANS INVOLVED,4/15/2022 9:34:00 AM,A,VC 21658(a),False,1,I-580 W/B,,,4/20/2022 12:00:00 AM,A,E,800.0,HIGH STREET,F,,D,4/20/2022 12:25:24 PM,4/20/2022 12:25:24 PM,False,True,4,,,,,,,
1752476,9370-2022-01082,1,False,9370,4/9/2022 5:45:00 PM,1745,176,14,109,Oakland,1,True,True,C,REAR END,,Saturday,NotApplicable,False,,,False,True,False,ALAMEDA SUPERIOR COURT WILEY W. MANUEL COURTHOUSE,C,OTHER MOTOR VEHICLE,,0,0,A,DAYLIGHT,37.773528,-122.229028,,,,,A,NO PEDESTRIANS INVOLVED,4/9/2022 5:45:00 PM,A,VC 22350,False,1,I-880 S/B,,,4/20/2022 12:00:00 AM,A,N,280.0,FRUITVALE AVENUE,F,,D,4/20/2022 10:17:04 AM,4/20/2022 10:17:04 AM,False,True,4,,,,,,,
1752469,9370-2022-00960,1,False,9370,4/6/2022 3:10:00 PM,1510,178,14,109,Oakland,1,True,True,C,REAR END,,Wednesday,Yes,False,,,False,True,True,ALAMEDA SUPERIOR COURT WILEY W. MANUEL COURTHOUSE,C,OTHER MOTOR VEHICLE,,1,0,A,DAYLIGHT,37.802001,-122.298128,,,,,A,NO PEDESTRIANS INVOLVED,4/6/2022 3:10:00 PM,A,VC 22350,False,1,I-880 S/B,,,4/20/2022 12:00:00 AM,A,N,2600.0,ADELINE ST,F,,D,4/20/2022 10:13:00 AM,4/20/2022 10:13:00 AM,False,True,4,,,,,,,
1752319,9370-2022-00981,1,False,9370,4/8/2022 12:55:00 PM,1255,055,14,109,Oakland,1,True,True,C,REAR END,,Friday,NotApplicable,False,,,False,True,False,ALAMEDA SUPERIOR COURT WILEY W. MANUEL COURTHOUSE,C,OTHER MOTOR VEHICLE,,0,0,A,DAYLIGHT,37.827158,-122.285299,,,,,A,NO PEDESTRIANS INVOLVED,4/8/2022 12:55:00 PM,A,VC 22350,False,1,I-580 WB,,,4/20/2022 12:00:00 AM,A,W,190.0,HOLLIS ST,F,,A,4/20/2022 7:55:20 AM,4/20/2022 7:55:20 AM,False,True,4,,,,,,,
1752312,9335-2022-00705,1,False,9335,4/16/2022 8:13:00 AM,813,082,14,109,Oakland,1,True,True,E,HIT OBJECT,,Saturday,NotApplicable,False,,,False,True,False,ALAMEDA SUPERIOR COURT ALAMEDA,I,FIXED OBJECT,CONCRETE BRIDGE RAIL,0,0,A,DAYLIGHT,37.820059,-122.344612,,,,,A,NO PEDESTRIANS INVOLVED,4/16/2022 8:13:00 AM,A,VC 22107,False,1,I-80 W/B,,,4/20/2022 12:00:00 AM,B,E,0.5,SAN FRANCISCO COUNTY LINE,M,,D,4/20/2022 7:41:48 AM,4/20/2022 7:41:48 AM,False,True,4,,,,,,,
1752285,9370-2022-01067,1,False,9370,4/16/2022 5:20:00 AM,520,176,14,109,Oakland,1,True,True,E,HIT OBJECT,,Saturday,NotApplicable,False,,,False,True,False,ALAMEDA SUPERIOR COURT WILEY W. MANUEL COURTHOUSE,I,FIXED OBJECT,GUARDRAIL,0,0,C,DARK-STREET LIGHTS,37.748435,-122.203547,,,,,A,NO PEDESTRIANS INVOLVED,4/16/2022 5:20:00 AM,A,VC 22107,False,,I-880 S/B,,,4/20/2022 12:00:00 AM,B,N,3400.0,HEGENBERGER ROAD,F,,D,4/20/2022 7:07:21 AM,4/20/2022 7:07:21 AM,False,True,4,,,,,,,
1751611,9335-2022-00382,1,False,9335,3/2/2022 9:26:00 PM,2126,084,14,109,Oakland,1,True,True,C,REAR END,,Wednesday,NotApplicable,False,M,,False,True,False,ALAMEDA SUPERIOR COURT WILEY W. MANUEL COURTHOUSE,C,OTHER MOTOR VEHICLE,,0,0,C,DARK-STREET LIGHTS,37.82361,-122.31552,,,,,A,NO PEDESTRIANS INVOLVED,3/2/2022 9:26:00 PM,A,VC 22350,False,1,I-80 E/B,,,4/19/2022 12:00:00 AM,A,W,500.0,SFOBB TOLL PLAZA ADMINISTRATION BUILDING,F,,D,4/19/2022 4:19:40 PM,4/19/2022 4:19:40 PM,False,True,4,,,,,,,
1751569,9335-2022-00654,1,False,9335,4/5/2022 2:30:00 PM,1430,084,14,109,Oakland,1,True,True,C,REAR END,,Tuesday,NotApplicable,False,F,,False,True,False,ALAMEDA SUPERIOR COURT ALAMEDA,C,OTHER MOTOR VEHICLE,,1,0,A,DAYLIGHT,37.821389,-122.332682,,,,,A,NO PEDESTRIANS INVOLVED,4/5/2022 2:30:00 PM,A,VC 22350,False,2,I-80 E/B,,,4/19/2022 12:00:00 AM,A,W,1.06,SAN FRANCISCO/OAKLAND BAY BRIDGE TOLL PLAZA,M,,D,4/19/2022 3:30:00 PM,4/19/2022 3:30:00 PM,False,True,4,,,,,,,
1751438,9370-2022-01031,1,False,9370,4/13/2022 7:16:00 AM,716,176,14,109,Oakland,1,True,True,B,SIDE SWIPE,,Wednesday,NotApplicable,False,,,False,True,False,Alameda Superior Court Wiley W. Manuel Courthouse,C,OTHER MOTOR VEHICLE,,1,0,A,DAYLIGHT,37.77397,-122.230087,,,,,A,NO PEDESTRIANS INVOLVED,4/13/2022 7:16:00 AM,A,VC 21658(A),False,1,I-880 N/B,,,4/19/2022 12:00:00 AM,A,S,1200.0,29TH AVENUE OVER CROSSING,F,,D,4/19/2022 1:45:24 PM,4/19/2022 1:45:24 PM,False,True,4,,,,,,,
1751267,9370-2022-01047,2,False,9370,4/14/2022 9:20:00 AM,920,025,14,109,Oakland,1,True,True,B,SIDE SWIPE,,Thursday,NotApplicable,False,M,,False,True,True,ALAMEDA SUPERIOR COURT WILEY W. MANUEL COURTHOUSE,C,OTHER MOTOR VEHICLE,,0,0,A,DAYLIGHT,37.828753,-122.267681,,,,,A,NO PEDESTRIANS INVOLVED,4/14/2022 9:20:00 AM,A,VC 21658(A),False,1,SR-24 W/B TO I-580,,,4/19/2022 12:00:00 AM,B,W,290.0,40TH ST,F,,D,4/19/2022 11:26:35 AM,4/19/2022 12:50:04 PM,False,True,4,,,,,,,
1751041,9370-2022-00936,1,False,9370,3/31/2022 8:25:00 PM,2025,024,14,109,Oakland,1,True,True,B,SIDE SWIPE,,Thursday,NotApplicable,False,M,,False,True,False,ALAMEDA SUPERIOR COURT WILEY W. MANUEL COURTHOUSE,C,OTHER MOTOR VEHICLE,,0,0,C,DARK-STREET LIGHTS,37.8543,-122.21973,,,,,A,NO PEDESTRIANS INVOLVED,3/31/2022 8:25:00 PM,A,VC 21651(a),False,1,SR-24 E/B,,,4/19/2022 12:00:00 AM,A,W,645.0,CALDECOTT TUNNEL,F,,D,4/19/2022 8:18:29 AM,4/19/2022 8:18:29 AM,False,True,4,,,,,,,
1750966,9370-2022-00930,1,False,9370,4/3/2022 5:50:00 AM,550,052,14,109,Oakland,1,True,True,B,SIDE SWIPE,,Sunday,Yes,False,,,False,True,False,ALAMEDA SUPERIOR COURT WILEY W. MANUEL COURTHOUSE,C,OTHER MOTOR VEHICLE,,0,0,D,DARK-NO STREET LIGHTS,37.768182,-122.15339,,,,,A,NO PEDESTRIANS INVOLVED,4/3/2022 5:50:00 AM,A,VC 23152(a),True,1,I-580 W/B,,,4/19/2022 12:00:00 AM,A,E,1580.0,KELLER AVE,F,,D,4/19/2022 7:21:10 AM,4/19/2022 7:21:10 AM,False,True,4,,,,,,,
1750378,9370-2022-00961,1,False,9370,4/6/2022 3:20:00 PM,1520,053,14,109,Oakland,1,True,True,B,SIDE SWIPE,,Wednesday,NotApplicable,False,,,False,True,False,ALAMEDA SUPERIOR COURT WILEY W. MANUEL COURTHOUSE,C,OTHER MOTOR VEHICLE,,0,0,A,DAYLIGHT,37.800443,-122.228605,,,,,A,NO PEDESTRIANS INVOLVED,4/6/2022 3:20:00 PM,B,UNSAFE MERGING,,,I-580 EASTBOUND FROM BEAUMONT AVENUE,,,4/18/2022 12:00:00 AM,A,E,65.0,BEAUMONT AVENUE,F,,A,4/18/2022 1:51:20 PM,4/18/2022 1:51:20 PM,False,True,4,,,,,,,
1750261,9370-2022-01026,1,False,9370,4/12/2022 1:20:00 PM,1320,055,14,109,Oakland,1,True,True,B,SIDE SWIPE,,Tuesday,NotApplicable,False,,,False,True,False,ALAMEDA SUPERIOR COURT WILEY W. MANUEL COURTHOUSE,C,OTHER MOTOR VEHICLE,,0,0,A,DAYLIGHT,37.826792,-122.286947,,,,,A,NO PEDESTRIANS INVOLVED,4/12/2022 1:20:00 PM,A,VC 21658,False,1,I-580 W/B,,,4/18/2022 12:00:00 AM,A,W,670.0,HOLLIS ST,F,,D,4/18/2022 12:38:40 PM,4/18/2022 12:38:40 PM,False,True,4,,,,,,,
1750016,9370-2022-01030,1,False,9370,4/13/2022 7:17:00 AM,717,176,14,109,Oakland,1,True,True,C,REAR END,,Wednesday,NotApplicable,False,,,False,True,True,ALAMEDA SUPERIOR COURT WILEY W. MANUEL COURTHOUSE,C,OTHER MOTOR VEHICLE,,0,0,A,DAYLIGHT,37.774164,-122.230769,,,,,A,NO PEDESTRIANS INVOLVED,4/13/2022 7:17:00 AM,A,VC 22350,False,1,I-880 N/B,,,4/18/2022 12:00:00 AM,A,S,805.0,29TH AVENUE,F,,D,4/18/2022 9:41:23 AM,4/18/2022 9:41:23 AM,False,True,4,,,,,,,
1749996,9370-2022-01008,1,False,9370,4/11/2022 4:35:00 AM,435,176,14,109,Oakland,1,True,True,E,HIT OBJECT,,Monday,NotApplicable,False,M,,False,True,True,Alameda Superior Court Wiley W. Manuel Courthouse,I,FIXED OBJECT,CONCRETE BARRIER WALL,0,0,D,DARK-NO STREET LIGHTS,37.77234,-122.22527,,,,,A,NO PEDESTRIANS INVOLVED,4/11/2022 4:35:00 AM,A,VC 22107,False,1,I-880 N/B,,,4/18/2022 12:00:00 AM,A,S,475.0,FRUITVALE AVENUE,F,,D,4/18/2022 9:24:32 AM,4/18/2022 9:24:32 AM,False,True,4,,,,,,,
1749970,9370-2022-00984,1,False,9370,4/8/2022 11:25:00 PM,2325,013,14,109,Oakland,1,True,True,C,REAR END,,Friday,NotApplicable,False,,,False,True,True,ALAMEDA SUPERIOR COURT WILEY W. MANUEL COURTHOUSE,C,OTHER MOTOR VEHICLE,,0,0,D,DARK-NO STREET LIGHTS,37.846026,-122.227427,,,,,A,NO PEDESTRIANS INVOLVED,4/8/2022 11:25:00 PM,A,VC 21658(A),False,1,SR-13 N/B,,,4/18/2022 12:00:00 AM,A,S,770.0,BROADWAY,F,,D,4/18/2022 9:06:01 AM,4/18/2022 9:06:01 AM,False,True,4,,,,,,,
1749804,9370-2022-00979,1,False,9370,4/8/2022 12:50:00 PM,1250,055,14,109,Oakland,1,True,True,C,REAR END,,Friday,NotApplicable,False,,,False,True,False,ALAMEDA SUPERIOR COURT WILEY W. MANUEL COURTHOUSE,C,OTHER MOTOR VEHICLE,,1,0,A,DAYLIGHT,37.82744,-122.28389,,,,,A,NO PEDESTRIANS INVOLVED,4/8/2022 12:50:00 PM,A,VC 22350,False,1,INTERSTATE 580 WESTBOUND,,,4/18/2022 12:00:00 AM,A,W,1490.0,SAN PABLO AVENUE UNDERCROSSING,F,,A,4/18/2022 6:29:48 AM,4/18/2022 6:29:48 AM,False,True,4,,,,,,,
1749667,9370-2022-01020,1,False,9370,4/11/2022 8:05:00 AM,805,176,14,109,Oakland,1,True,True,C,REAR END,,Monday,NotApplicable,False,,,False,True,True,Alameda Superior Court Wiley W. Manuel Courthouse,C,OTHER MOTOR VEHICLE,,0,0,A,DAYLIGHT,37.748344,-122.20299,,,,,A,NO PEDESTRIANS INVOLVED,4/11/2022 8:05:00 AM,A,VC 22350,False,1,I-880 N/B,,,4/17/2022 12:00:00 AM,B,S,2430.0,66TH AVENUE,F,,D,4/17/2022 11:59:02 AM,4/17/2022 11:59:02 AM,False,True,4,,,,,,,
1749659,9370-2022-00990,1,False,9370,4/9/2022 12:55:00 PM,1255,053,14,109,Oakland,1,True,True,B,SIDE SWIPE,,Saturday,NotApplicable,False,M,,False,True,False,ALAMEDA SUPERIOR COURT WILEY W. MANUEL COURTHOUSE,C,OTHER MOTOR VEHICLE,,0,0,A,DAYLIGHT,37.799864,-122.221203,,,,,A,NO PEDESTRIANS INVOLVED,4/9/2022 12:55:00 PM,A,VC 21658(A),False,1,I-580 W/B,,,4/17/2022 12:00:00 AM,A,E,570.0,ARDLEY AVENUE,F,,D,4/17/2022 10:39:10 AM,4/17/2022 10:39:10 AM,False,True,4,,,,,,,
1749653,9370-2022-01023,1,False,9370,4/12/2022 11:57:00 AM,1157,053,14,109,Oakland,1,True,True,B,SIDE SWIPE,,Tuesday,NotApplicable,False,,,False,True,False,Alameda Superior Court Wiley W. Manuel Courthouse,C,OTHER MOTOR VEHICLE,,0,0,A,DAYLIGHT,37.799868,-122.224746,,,,,A,NO PEDESTRIANS INVOLVED,4/12/2022 11:57:00 AM,A,VC 21658(A),False,,I-580 E/B,,,4/17/2022 12:00:00 AM,A,W,90.0,ARDLEY AVENUE,F,,D,4/17/2022 9:59:35 AM,4/17/2022 9:59:35 AM,False,True,4,,,,,,,
1749648,9370-2022-01022,1,False,9370,4/12/2022 6:40:00 AM,640,024,14,109,Oakland,1,True,True,C,REAR END,,Tuesday,NotApplicable,False,,,False,True,True,ALAMEDA SUPERIOR COURT WILEY W. MANUEL COURTHOUSE,C,OTHER MOTOR VEHICLE,,0,0,A,DAYLIGHT,37.856939,-122.214962,,,,,A,NO PEDESTRIANS INVOLVED,4/12/2022 6:40:00 AM,A,VC 22350,False,1,SR-24 W/B,,,4/17/2022 12:00:00 AM,A,W,2165.0,EAST EDGE OF CALDOCOTT TUNNEL BORE 3,F,,A,4/17/2022 9:46:43 AM,4/17/2022 9:46:43 AM,False,True,4,,,,,,,
1749628,9370-2022-00913,1,False,9370,3/31/2022 8:26:00 PM,2026,024,14,109,Oakland,1,True,True,C,REAR END,,Thursday,NotApplicable,False,,,False,True,True,ALAMEDA SUPERIOR COURT WILEY W. MANUEL COURTHOUSE,C,OTHER MOTOR VEHICLE,,0,0,C,DARK-STREET LIGHTS,37.854103,-122.220422,,,,,A,NO PEDESTRIANS INVOLVED,3/31/2022 8:26:00 PM,A,VC 22350,False,1,SR-24 E/B,,,4/17/2022 12:00:00 AM,A,W,870.0,CALDECOTT TUNNEL BORE #2,F,,D,4/17/2022 6:37:39 AM,4/17/2022 6:37:39 AM,False,True,4,,,,,,,
1749122,9370-2022-00989,1,False,9370,4/9/2022 6:40:00 AM,640,024,14,109,Oakland,1,True,True,H,OTHER,ANIMAL,Saturday,NotApplicable,False,,,False,True,False,Alameda Superior Court Wiley W. Manuel Courthouse,H,ANIMAL,DEER,0,0,A,DAYLIGHT,37.848855,-122.234067,,,,,A,NO PEDESTRIANS INVOLVED,4/9/2022 6:40:00 AM,C,,,,SR-24 E/B,,,4/15/2022 12:00:00 AM,A,W,1800.0,STATE HIGHWAY 13,F,,D,4/15/2022 12:47:38 PM,4/15/2022 12:47:38 PM,False,True,4,,,,,,,
1748909,9370-2022-00977,1,False,9370,4/8/2022 7:43:00 AM,743,054,14,109,Oakland,1,True,True,B,SIDE SWIPE,,Friday,NotApplicable,False,,,False,True,False,ALAMEDA SUPERIOR COURT WILEY W. MANUEL COURTHOUSE,C,OTHER MOTOR VEHICLE,,0,0,A,DAYLIGHT,37.806874,-122.238043,,,,,A,NO PEDESTRIANS INVOLVED,4/8/2022 7:43:00 AM,A,VC 21658(A),False,1,I-580 WB,,,4/15/2022 12:00:00 AM,A,E,1246.0,LAKE PARK AVENUE,F,,D,4/15/2022 9:03:48 AM,4/15/2022 9:03:48 AM,False,True,4,,,,,,,
1748778,9370-2022-00971,1,False,9370,4/7/2022 12:05:00 PM,1205,053,14,109,Oakland,1,True,True,B,SIDE SWIPE,,Thursday,NotApplicable,False,M,,False,True,False,ALAMEDA SUPERIOR COURT WILEY W. MANUEL COURTHOUSE,C,OTHER MOTOR VEHICLE,,0,0,A,DAYLIGHT,37.800298,-122.227626,,,,,A,NO PEDESTRIANS INVOLVED,4/7/2022 12:05:00 PM,A,VC 21755(a),False,2,I-580 E/B FROM BEAUMONT AVENUE,,,4/15/2022 12:00:00 AM,A,E,357.0,BEAUMONT AVENUE,F,,D,4/15/2022 7:29:00 AM,4/15/2022 7:29:00 AM,False,True,4,,,,,,,
1748762,9370-2022-00976,1,False,9370,4/8/2022 7:00:00 AM,700,176,14,109,Oakland,1,True,True,C,REAR END,,Friday,NotApplicable,False,F,,False,True,False,ALAMEDA SUPERIOR COURT WILEY W. MANUEL COURTHOUSE,C,OTHER MOTOR VEHICLE,,0,0,A,DAYLIGHT,37.739463,-122.196867,,,,,A,NO PEDESTRIANS INVOLVED,4/8/2022 7:00:00 AM,A,VC 22350,False,1,I-880 S/B OFFRAMP TO HEGENBERGER RD,,,4/15/2022 12:00:00 AM,A,N,35.0,HEGENBERGER RD,F,,A,4/15/2022 7:07:48 AM,4/15/2022 7:07:48 AM,False,True,4,,,,,,,
1748752,9370-2022-00972,1,False,9370,4/7/2022 4:55:00 PM,1655,053,14,109,Oakland,1,True,True,C,REAR END,,Thursday,NotApplicable,False,,,False,True,False,ALAMEDA SUPERIOR COURT WILEY W. MANUEL COURTHOUSE,C,OTHER MOTOR VEHICLE,,0,0,A,DAYLIGHT,37.795666,-122.208107,,,,,A,NO PEDESTRIANS INVOLVED,4/7/2022 4:55:00 PM,A,VC 22350,False,1,I-580 W/B,,,4/15/2022 12:00:00 AM,A,W,300.0,MAPLE AVE,F,,D,4/15/2022 6:45:48 AM,4/15/2022 6:45:48 AM,False,True,4,,,,,,,
1748739,9370-2022-00968,1,False,9370,4/7/2022 9:12:00 AM,912,053,14,109,Oakland,1,True,True,C,REAR END,,Thursday,NotApplicable,False,,,False,True,False,ALAMEDA SUPERIOR COURT WILEY W. MANUEL COURTHOUSE,C,OTHER MOTOR VEHICLE,,0,0,A,DAYLIGHT,37.799072,-122.220939,,,,,A,NO PEDESTRIANS INVOLVED,4/7/2022 9:12:00 AM,A,VC 22350,False,1,I-580 E/B,,,4/15/2022 12:00:00 AM,A,E,19.0,SHEFFIELD AVE,F,,A,4/15/2022 6:20:06 AM,4/15/2022 6:20:06 AM,False,True,4,,,,,,,
1748726,9370-2022-00954,1,False,9370,4/6/2022 3:14:00 AM,314,176,14,109,Oakland,1,True,True,B,SIDE SWIPE,,Wednesday,NotApplicable,False,,,False,True,False,ALAMEDA SUPERIOR COURT WILEY W. MANUEL COURTHOUSE,C,OTHER MOTOR VEHICLE,,0,0,C,DARK-STREET LIGHTS,37.462838,-122.135613,,,,,A,NO PEDESTRIANS INVOLVED,4/6/2022 3:14:00 AM,A,VC 21658(A),False,1,I-880 S/B,,,4/15/2022 12:00:00 AM,A,N,1380.0,23RD AVE,F,,D,4/15/2022 5:07:02 AM,4/15/2022 5:07:02 AM,False,True,4,,,,,,,
1748724,9370-2022-00901,1,False,9370,3/31/2022 9:20:00 AM,920,024,14,109,Oakland,1,True,True,C,REAR END,,Thursday,NotApplicable,False,,,False,True,True,ALAMEDA SUPERIOR COURT WILEY W. MANUEL COURTHOUSE,C,OTHER MOTOR VEHICLE,,0,0,A,DAYLIGHT,37.849037,-122.242906,,,,,A,NO PEDESTRIANS INVOLVED,3/31/2022 9:20:00 AM,A,VC 22350,False,1,SR-24 W/B,,,4/15/2022 12:00:00 AM,A,E,120.0,PATTON STREET,F,,D,4/15/2022 5:00:19 AM,4/15/2022 5:00:19 AM,False,True,4,,,,,,,
1748511,9335-2022-00660,1,False,9335,4/8/2022 2:45:00 PM,1445,082,14,109,Oakland,1,True,True,C,REAR END,,Friday,NotApplicable,False,,,False,True,False,ALAMEDA SUPERIOR COURT ALAMEDA,C,OTHER MOTOR VEHICLE,,0,0,A,DAYLIGHT,37.819259,-122.349322,,,,,A,NO PEDESTRIANS INVOLVED,4/8/2022 2:45:00 PM,A,VC 22350,False,1,I-80 W/B,,,4/14/2022 12:00:00 AM,A,E,100.0,SAN FRANCISCO COUNTY LINE,F,,D,4/14/2022 9:02:32 PM,4/14/2022 9:02:32 PM,False,True,4,,,,,,,
1748204,9370-2022-00964,1,False,9370,4/6/2022 2:15:00 PM,1415,177,14,109,Oakland,1,True,True,C,REAR END,,Wednesday,NotApplicable,False,M,,False,True,False,Alameda Superior Court Wiley W. Manuel Courthouse,C,OTHER MOTOR VEHICLE,,0,0,A,DAYLIGHT,37.787688,-122.248751,,,,,A,NO PEDESTRIANS INVOLVED,4/6/2022 2:15:00 PM,A,VC 22350,False,1,I-880 S/B,,,4/14/2022 12:00:00 AM,A,N,1250.0,16TH AVE,F,,D,4/14/2022 12:13:08 PM,4/14/2022 12:13:08 PM,False,True,4,,,,,,,
1748030,9370-2022-00959,2,False,9370,4/6/2022 11:15:00 AM,1115,178,14,109,Oakland,1,True,True,E,HIT OBJECT,UNSAFE TURN,Wednesday,NotApplicable,False,,,False,True,True,ALAMEDA SUPERIOR COURT WILEY W. MANUEL COURTHOUSE,I,FIXED OBJECT,METAL ATTENUATOR,0,0,A,DAYLIGHT,32.825727,-122.307532,,,,,A,NO PEDESTRIANS INVOLVED,4/6/2022 11:15:00 AM,A,VC 22107,False,1,I-880 N/B TRANSITION TO I-80 W/B,,,3/7/2023 2:28:40 PM,A,S,1850.0,TOLL PLAZA,F,,D,4/14/2022 9:47:26 AM,3/7/2023 2:28:43 PM,False,True,4,,,,False,,,
1748001,9370-2022-00735,1,False,9370,3/17/2022 7:42:00 AM,742,177,14,109,Oakland,1,True,True,B,SIDE SWIPE,,Thursday,NotApplicable,False,M,,False,True,False,Alameda Superior Court Wiley W. Manuel Courthouse,C,OTHER MOTOR VEHICLE,,0,0,A,DAYLIGHT,37.78859,-122.251205,,,,,A,NO PEDESTRIANS INVOLVED,3/17/2022 7:42:00 AM,A,VC 21658(a),False,,I-880 N/B,,,4/14/2022 12:00:00 AM,A,S,2200.0,5TH AVENUE,F,,D,4/14/2022 9:20:44 AM,4/14/2022 9:20:44 AM,False,True,4,,,,,,,
1747932,9370-2022-00900,1,False,9370,3/31/2022 6:35:00 PM,1835,053,14,109,Oakland,1,True,True,E,HIT OBJECT,,Thursday,NotApplicable,False,,,False,True,False,ALAMEDA SUPERIOR COURT WILEY W. MANUEL COURTHOUSE,I,FIXED OBJECT,METAL ATTENUATOR,0,0,A,DAYLIGHT,37.800493,-122.225998,,,,,A,NO PEDESTRIANS INVOLVED,3/31/2022 6:35:00 PM,A,VC 22107,False,1,I-580 W/B,,,4/14/2022 12:00:00 AM,A,E,125.0,14TH AVE,F,,D,4/14/2022 8:37:57 AM,4/14/2022 8:37:57 AM,False,True,4,,,,,,,
1747887,9370-2022-00956,1,False,9370,4/5/2022 11:15:00 PM,2315,013,14,109,Oakland,1,True,True,H,OTHER,ANIMAL,Tuesday,NotApplicable,False,,,False,True,True,Alameda Superior Court Wiley W. Manuel Courthouse,H,ANIMAL,DEER,0,0,D,DARK-NO STREET LIGHTS,37.83496,-122.21845,,,,,A,NO PEDESTRIANS INVOLVED,4/5/2022 11:15:00 PM,C,,,,SR-13 N/B,,,4/14/2022 12:00:00 AM,A,N,885.0,MORAGA AVE,F,,D,4/14/2022 8:06:14 AM,4/14/2022 8:06:14 AM,False,True,4,,,,,,,
1747874,9370-2022-00953,1,False,9370,4/5/2022 5:30:00 PM,1730,052,14,109,Oakland,1,True,True,C,REAR END,,Tuesday,NotApplicable,False,,,False,True,False,Alameda Superior Court Wiley W. Manuel Courthouse,D,MOTOR VEHICLE ON OTHER ROADWAY,,1,0,A,DAYLIGHT,37.756261,-122.149034,,,,,A,NO PEDESTRIANS INVOLVED,4/5/2022 5:30:00 PM,A,VC 22350,False,1,I-580 E/B,,,4/14/2022 12:00:00 AM,A,W,1301.0,GOLF LINKS ROAD,F,,D,4/14/2022 7:55:27 AM,4/14/2022 7:55:27 AM,False,True,4,,,,,,,
1747776,9370-2022-00934,1,False,9370,4/4/2022 7:10:00 AM,710,008,14,109,Oakland,1,True,True,B,SIDE SWIPE,,Monday,NotApplicable,False,M,,False,True,False,ALAMEDA SUPERIOR COURT WILEY W. MANUEL COURTHOUSE,C,OTHER MOTOR VEHICLE,,0,0,A,DAYLIGHT,37.826084,-122.301754,,,,,A,NO PEDESTRIANS INVOLVED,4/4/2022 7:10:00 AM,A,VC 21658(A),False,1,I-80 W/B,,,4/14/2022 12:00:00 AM,A,E,1650.0,W. GRAND AVE,F,,A,4/14/2022 5:16:00 AM,4/14/2022 5:16:00 AM,False,True,4,,,,,,,
1747767,9370-2022-00916,1,False,9370,4/1/2022 11:33:00 AM,1133,024,14,109,Oakland,1,True,True,E,HIT OBJECT,,Friday,NotApplicable,False,,,False,True,False,ALAMEDA SUPERIOR COURT WILEY W. MANUEL COURTHOUSE,I,FIXED OBJECT,METAL GUARD-RAIL,0,0,A,DAYLIGHT,37.505949,-122.135265,,,,,A,NO PEDESTRIANS INVOLVED,4/1/2022 11:33:00 AM,A,VC 22107,False,1,SR-24 W/B TO SR-13 S/B,,,4/14/2022 12:00:00 AM,A,W,2690.0,KAY ROAD,F,,D,4/14/2022 4:36:42 AM,4/14/2022 4:36:42 AM,False,True,4,,,,,,,
1746971,9370-2022-00893,1,False,9370,3/31/2022 9:10:00 AM,910,176,14,109,Oakland,1,True,True,B,SIDE SWIPE,,Thursday,NotApplicable,False,M,,False,True,False,ALAMEDA SUPERIOR COURT WILEY W. MANUEL COURTHOUSE,C,OTHER MOTOR VEHICLE,,0,0,A,DAYLIGHT,37.73809,-122.193906,,,,,A,NO PEDESTRIANS INVOLVED,3/31/2022 9:10:00 AM,A,VC 21658(A),False,1,I-880 N/B,,,4/13/2022 12:00:00 AM,A,S,1300.0,HEGENBERGER RD,F,,D,4/13/2022 7:42:59 AM,4/13/2022 7:42:59 AM,False,True,4,,,,,,,