collision-id,report-number,report-version,is-preliminary,ncic-code,crash-date-time,crash-time-description,beat,city-id,city-code,city-name,county-code,city-is-active,city-is-incorporated,collision-type-code,collision-type-description,collision-type-other-desc,day-of-week,dispatch-notified,has-photographs,hit-run,is-attachments-mailed,is-deleted,is-highway-related,is-tow-away,judicial-district,motor-vehicle-involved-with-code,motor-vehicle-involved-with-desc,motor-vehicle-involved-with-other-desc,number-injured,number-killed,lighting-code,lighting-description,latitude,longitude,milepost-direction,milepost-distance,milepost-marker,milepost-unit-of-measure,pedestrian-action-code,pedestrian-action-desc,prepared-date,primary-collision-factor-code,primary-collision-factor-description,primary-collision-factor-is-cited,primary-collision-party-number,primary-road,reporting-district,reporting-district-code,reviewed-date,roadway-surface-code,secondary-direction,secondary-distance,secondary-road,secondary-unit-of-measure,sketch-desc,traffic-control-device-code,created-date,modified-date,is-county-road,is-freeway,chp-555-version,is-additonal-object-struck,notification-date,notification-time-description,has-digital-media-files,evidence-number,is-location-refer-to-narrative,is-aoi-one-same-as-location
1777825,9370-2022-00314,2,False,9370,1/15/2022 3:15:00 AM,315,177,14,109,Oakland,1,True,True,B,SIDE SWIPE,,Saturday,NotApplicable,False,M,,False,True,False,ALAMEDA SUPERIOR COURT WILEY W. MANUEL COURTHOUSE,C,OTHER MOTOR VEHICLE,,0,0,D,DARK-NO STREET LIGHTS,37.792865,-122.262938,,,,,A,NO PEDESTRIANS INVOLVED,1/15/2022 3:15:00 AM,A,VC 21658(A),False,1,I-880 N/B,,,6/7/2022 12:00:00 AM,A,S,1335.0,OAK ST,F,,D,5/23/2022 9:49:21 AM,6/7/2022 7:48:20 AM,False,True,4,,,,,,,
1777764,9370-2022-01379,1,False,9370,5/13/2022 6:15:00 PM,1815,053,14,109,Oakland,1,True,True,C,REAR END,,Friday,NotApplicable,False,,,False,True,True,ALAMEDA SUPERIOR COURT WILEY W. MANUEL COURTHOUSE,C,OTHER MOTOR VEHICLE,,0,0,A,DAYLIGHT,37.79527,-122.20818,,,,,A,NO PEDESTRIANS INVOLVED,5/13/2022 6:15:00 PM,A,VC 22350,False,1,I-580 E/B,,,5/23/2022 12:00:00 AM,A,W,1720.0,35TH AVE,F,,D,5/23/2022 9:08:14 AM,5/23/2022 9:08:14 AM,False,True,4,,,,,,,
1777671,9370-2022-01368,1,False,9370,5/13/2022 11:18:00 AM,1118,176,14,109,Oakland,1,True,True,C,REAR END,,Friday,NotApplicable,False,,,False,True,False,ALAMEDA SUPERIOR COURT WILEY W. MANUEL COURTHOUSE,C,OTHER MOTOR VEHICLE,,0,0,A,DAYLIGHT,37.737851,-122.19384,,,,,A,NO PEDESTRIANS INVOLVED,5/13/2022 11:18:00 AM,A,VC 22350,False,1,I-880 N/B,,,5/23/2022 12:00:00 AM,A,S,1182.0,HEGENBERGER RD,F,,D,5/23/2022 7:51:24 AM,5/23/2022 7:51:24 AM,False,True,4,,,,,,,
1777635,9370-2022-01195,1,False,9370,4/27/2022 7:10:00 AM,710,055,14,109,Oakland,1,True,True,C,REAR END,,Wednesday,NotApplicable,False,,,False,True,False,ALAMEDA SUPERIOR COURT WILEY W. MANUEL COURTHOUSE,C,OTHER MOTOR VEHICLE,,0,0,A,DAYLIGHT,37.82662,-122.28931,,,,,A,NO PEDESTRIANS INVOLVED,4/27/2022 7:10:00 AM,A,VC 22350,False,1,I-580 W/B TO I-80 W/B,,,5/23/2022 12:00:00 AM,A,E,50.0,MANDELA PARKWAY,F,,D,5/23/2022 7:26:03 AM,5/23/2022 7:26:03 AM,False,True,4,,,,,,,
1777605,9370-2022-01187,1,False,9370,4/25/2022 2:55:00 AM,255,054,14,109,Oakland,1,True,True,E,HIT OBJECT,,Monday,NotApplicable,False,,,False,True,True,ALAMEDA SUPERIOR COURT WILEY W. MANUEL COURTHOUSE,I,FIXED OBJECT,CONCRETE BARRIER WALL,0,0,D,DARK-NO STREET LIGHTS,37.80565,-122.23572,,,,,A,NO PEDESTRIANS INVOLVED,4/25/2022 2:55:00 AM,A,VC 22107,False,1,I-580 E/B,,,5/23/2022 12:00:00 AM,A,W,335.0,PARK BLVD,F,,D,5/23/2022 7:01:42 AM,5/23/2022 7:01:42 AM,False,True,4,,,,,,,
1777600,9370-2022-01333,1,False,9370,5/8/2022 11:07:00 PM,2307,055,14,109,Oakland,1,True,True,B,SIDE SWIPE,,Sunday,Yes,False,,,False,True,True,ALAMEDA SUPERIOR COURT WILEY W. MANUEL COURTHOUSE,C,OTHER MOTOR VEHICLE,,0,0,D,DARK-NO STREET LIGHTS,37.822507,-122.260228,,,,,A,NO PEDESTRIANS INVOLVED,5/8/2022 11:07:00 PM,A,VC 23152(a),True,1,I-580 W/B,,,5/23/2022 12:00:00 AM,A,E,10.0,BROADWAY,F,,D,5/23/2022 6:58:15 AM,5/23/2022 6:58:15 AM,False,True,4,,,,,,,
1777566,9370-2022-01145,1,False,9370,4/22/2022 4:07:00 PM,1607,024,14,109,Oakland,1,True,True,B,SIDE SWIPE,,Friday,NotApplicable,False,M,,False,True,False,ALAMEDA SUPERIOR COURT WILEY W. MANUEL COURTHOUSE,C,OTHER MOTOR VEHICLE,,0,0,A,DAYLIGHT,37.854441,-122.218208,,,,,A,NO PEDESTRIANS INVOLVED,4/22/2022 4:07:00 PM,A,VC 21658(A),False,1,SR-24 E/B,,,5/23/2022 12:00:00 AM,A,W,221.0,CALDECOTT TUNNEL,F,,D,5/23/2022 6:28:05 AM,5/23/2022 6:28:05 AM,False,True,4,,,,,,,
1777549,9370-2022-01318,1,False,9370,5/8/2022 7:15:00 PM,1915,055,14,109,Oakland,1,True,True,C,REAR END,,Sunday,NotApplicable,False,M,,False,True,False,ALAMEDA SUPERIOR COURT WILEY W. MANUEL COURTHOUSE,C,OTHER MOTOR VEHICLE,,0,0,A,DAYLIGHT,37.820418,-122.256329,,,,,A,NO PEDESTRIANS INVOLVED,5/8/2022 7:15:00 PM,A,VC 22350,False,1,I-580 W/B,,,5/23/2022 12:00:00 AM,A,W,550.0,HARRISON STREET,F,,D,5/23/2022 5:56:19 AM,5/23/2022 5:56:19 AM,False,True,4,,,,,,,
1777419,9370-2022-01186,1,False,9370,4/25/2022 6:15:00 PM,1815,024,14,109,Oakland,1,True,True,E,HIT OBJECT,,Monday,NotApplicable,False,,,False,True,True,Alameda Superior Court Wiley W. Manuel Courthouse,I,FIXED OBJECT,CONCRETE WALL,0,0,A,DAYLIGHT,37.849329,-122.224312,,,,,A,NO PEDESTRIANS INVOLVED,4/25/2022 6:15:00 PM,A,VC 22107,False,1,SR-24 W/B,,,5/22/2022 12:00:00 AM,A,E,1170.0,SR-13,F,,D,5/22/2022 12:38:23 PM,5/22/2022 12:38:23 PM,False,True,4,,,,,,,
1777407,9370-2022-01131,1,False,9370,4/21/2022 4:50:00 AM,450,177,14,109,Oakland,1,True,True,C,REAR END,,Thursday,NotApplicable,False,,,False,True,False,ALAMEDA SUPERIOR COURT WILEY W. MANUEL COURTHOUSE,C,OTHER MOTOR VEHICLE,,0,0,D,DARK-NO STREET LIGHTS,37.791064,-122.261094,,,,,A,NO PEDESTRIANS INVOLVED,4/21/2022 4:50:00 AM,A,VC 22350,False,1,I-880 S/B,,,5/22/2022 12:00:00 AM,B,N,380.0,5TH ST,F,,D,5/22/2022 11:38:46 AM,5/22/2022 11:38:46 AM,False,True,4,,,,,,,
1777406,9370-2022-01090,1,False,9370,4/18/2022 1:31:00 PM,1331,025,14,109,Oakland,1,True,True,B,SIDE SWIPE,,Monday,Yes,False,,,False,True,False,Alameda Superior Court Wiley W. Manuel Courthouse,C,OTHER MOTOR VEHICLE,,0,0,A,DAYLIGHT,37.492766,-122.16692,,,,,A,NO PEDESTRIANS INVOLVED,4/18/2022 1:31:00 PM,A,VC 23152(a),True,1,SR-24 W/B,,,5/22/2022 12:00:00 AM,A,E,500.0,34TH ST,F,,D,5/22/2022 11:31:43 AM,5/22/2022 11:31:43 AM,False,True,4,,,,,,,
1777398,9370-2022-01144,1,False,9370,4/22/2022 2:28:00 PM,1428,013,14,109,Oakland,1,True,True,C,REAR END,,Friday,NotApplicable,False,,,False,True,False,ALAMEDA SUPERIOR COURT WILEY W. MANUEL COURTHOUSE,C,OTHER MOTOR VEHICLE,,0,0,A,DAYLIGHT,37.838089,-122.221588,,,,,A,NO PEDESTRIANS INVOLVED,4/22/2022 2:28:00 PM,A,VC 22350,False,1,STATE ROUTE 13,,,5/22/2022 12:00:00 AM,A,S,1487.0,BROADWAY TER,F,,D,5/22/2022 10:12:53 AM,5/22/2022 10:12:53 AM,False,True,4,,,,,,,
1777396,9370-2022-01350,1,False,9370,5/11/2022 9:15:00 AM,915,053,14,109,Oakland,1,True,True,C,REAR END,,Wednesday,NotApplicable,False,M,,False,True,False,ALAMEDA SUPERIOR COURT WILEY W. MANUEL COURTHOUSE,C,OTHER MOTOR VEHICLE,,0,0,A,DAYLIGHT,37.799947,-122.223756,,,,,A,NO PEDESTRIANS INVOLVED,5/11/2022 9:15:00 AM,A,VC 22350,False,1,I-580 W/B,,,5/22/2022 12:00:00 AM,A,E,100.0,ARDLEY AVENUE,F,,D,5/22/2022 10:00:35 AM,5/22/2022 10:00:35 AM,False,True,4,,,,,,,
1777387,9370-2022-01050,1,False,9370,4/14/2022 12:10:00 PM,1210,177,14,109,Oakland,1,True,True,B,SIDE SWIPE,,Thursday,Yes,False,M,,False,True,False,Alameda Superior Court Wiley W. Manuel Courthouse,C,OTHER MOTOR VEHICLE,,0,0,A,DAYLIGHT,37.795241,-122.266282,,,,,A,NO PEDESTRIANS INVOLVED,4/14/2022 12:10:00 PM,A,VC 21658(A),False,1,I-880 N/B,,,5/22/2022 12:00:00 AM,A,S,50.0,OAK ST,F,,D,5/22/2022 7:56:35 AM,5/22/2022 7:56:35 AM,False,True,4,,,,,,,
1777386,9370-2022-00799,1,False,9370,3/22/2022 9:30:00 PM,2130,052,14,109,Oakland,1,True,True,B,SIDE SWIPE,,Tuesday,Yes,False,M,,False,True,True,ALAMEDA SUPERIOR COURT WILEY W. MANUEL COURTHOUSE,C,OTHER MOTOR VEHICLE,,0,0,C,DARK-STREET LIGHTS,37.784252,-122.1861,,,,,A,NO PEDESTRIANS INVOLVED,3/22/2022 9:30:00 PM,A,VC 23152(a),True,1,I-580 WB,,,5/22/2022 12:00:00 AM,A,W,2112.0,BUELL ST,F,,D,5/22/2022 7:14:07 AM,5/22/2022 7:14:07 AM,False,True,4,False,,,,,,
1776565,9370-2022-00800,1,False,9370,3/22/2022 9:18:00 PM,2118,052,14,109,Oakland,1,True,True,B,SIDE SWIPE,,Tuesday,Yes,False,M,,False,True,True,ALAMEDA SUPERIOR COURT WILEY W. MANUEL COURTHOUSE,C,OTHER MOTOR VEHICLE,,0,0,D,DARK-NO STREET LIGHTS,37.778899,-122.16929,,,,,A,NO PEDESTRIANS INVOLVED,3/22/2022 9:18:00 PM,A,VC 23152(a),True,1,I-580 W/B,,,5/20/2022 12:00:00 AM,A,E,1490.0,KUHNLE AVENUE,F,,D,5/20/2022 5:00:23 AM,5/20/2022 5:00:23 AM,False,True,4,,,,,,,
1776563,9370-2022-01217,1,False,9370,4/29/2022 12:49:00 PM,1249,177,14,109,Oakland,1,True,True,B,SIDE SWIPE,,Friday,NotApplicable,False,,,False,True,False,Alameda Superior Court Wiley W. Manuel Courthouse,C,OTHER MOTOR VEHICLE,,0,0,A,DAYLIGHT,37.799769,-122.278698,,,,,A,NO PEDESTRIANS INVOLVED,4/29/2022 12:49:00 PM,A,VC 21658(A),False,,I-980 W/B,,,5/20/2022 12:00:00 AM,A,E,65.0,JEFFERSON ST,F,,D,5/20/2022 4:41:46 AM,5/20/2022 4:41:46 AM,False,True,4,,,,,,,
1776562,9370-2022-01296,1,False,9370,5/6/2022 1:50:00 PM,1350,176,14,109,Oakland,1,True,True,C,REAR END,,Friday,Yes,False,,,False,True,True,ALAMEDA SUPERIOR COURT WILEY W. MANUEL COURTHOUSE,C,OTHER MOTOR VEHICLE,,1,0,A,DAYLIGHT,37.758904,-122.21252,,,,,A,NO PEDESTRIANS INVOLVED,5/6/2022 1:50:00 PM,A,VC 22350,False,1,I-880 S/B,,,5/20/2022 12:00:00 AM,A,N,2180.0,ZHONE WAY,F,,D,5/20/2022 4:37:28 AM,5/20/2022 4:37:28 AM,False,True,4,,,,,,,
1776118,9370-2022-01384,1,False,9370,5/14/2022 4:10:00 AM,410,025,14,109,Oakland,1,True,True,A,HEAD-ON,,Saturday,NotApplicable,False,,,False,True,False,ALAMEDA SUPERIOR COURT WILEY W. MANUEL COURTHOUSE,H,ANIMAL,DEER,0,0,D,DARK-NO STREET LIGHTS,37.841927,-122.260125,,,,,A,NO PEDESTRIANS INVOLVED,5/14/2022 4:10:00 AM,C,,,,SR-24 WB,,,5/19/2022 12:00:00 AM,A,E,450.0,TELEGRAPH AVE,F,,D,5/19/2022 1:22:48 PM,5/19/2022 1:22:48 PM,False,True,4,,,,,,,
1776030,9370-2022-01316,1,False,9370,5/8/2022 1:20:00 PM,1320,024,14,109,Oakland,1,True,True,F,OVERTURNED,,Sunday,NotApplicable,False,,,False,True,True,ALAMEDA SUPERIOR COURT WILEY W. MANUEL COURTHOUSE,A,NON-COLLISION,ROADWAY,0,0,A,DAYLIGHT,37.850058,-122.240322,,,,,A,NO PEDESTRIANS INVOLVED,5/8/2022 1:20:00 PM,A,VC 22107,False,1,SR-24 W/B,,,5/19/2022 12:00:00 AM,A,W,115.0,GOLDEN GATE AVENUE,F,,D,5/19/2022 11:52:41 AM,5/19/2022 11:52:41 AM,False,True,4,,,,,,,
1776000,9370-2022-01176,1,False,9370,4/25/2022 4:45:00 AM,445,178,14,109,Oakland,1,True,True,E,HIT OBJECT,,Monday,Yes,False,,,False,True,False,ALAMEDA SUPERIOR COURT WILEY W. MANUEL COURTHOUSE,I,FIXED OBJECT,CONCRETE WALL,1,0,D,DARK-NO STREET LIGHTS,37.823252,-122.301822,,,,,A,NO PEDESTRIANS INVOLVED,4/25/2022 4:45:00 AM,A,VC 23152(F),True,1,I-880 S/B,,,5/19/2022 12:00:00 AM,A,N,400.0,MARITIME ST,F,,D,5/19/2022 11:23:37 AM,5/19/2022 11:23:37 AM,False,True,4,,,,,,,
1775967,9370-2022-01304,1,False,9370,5/6/2022 8:55:00 AM,855,008,14,109,Oakland,1,True,True,B,SIDE SWIPE,,Friday,NotApplicable,False,,,False,True,False,ALAMEDA SUPERIOR COURT WILEY W. MANUEL COURTHOUSE,C,OTHER MOTOR VEHICLE,,0,0,A,DAYLIGHT,37.825478,-122.30328,,,,,A,NO PEDESTRIANS INVOLVED,5/6/2022 8:55:00 AM,A,VC 22107,False,1,I-80 E/B,,,5/19/2022 12:00:00 AM,A,E,3000.0,SFOBB TOLL PLAZA,F,,D,5/19/2022 11:04:40 AM,5/19/2022 11:04:40 AM,False,True,4,,,,,,,
1775940,9370-2022-01369,1,False,9370,5/13/2022 9:45:00 AM,945,025,14,109,Oakland,1,True,True,B,SIDE SWIPE,,Friday,NotApplicable,False,,,False,True,False,ALAMEDA SUPERIOR COURT WILEY W. MANUEL COURTHOUSE,C,OTHER MOTOR VEHICLE,,1,0,A,DAYLIGHT,37.826203,-122.275357,,,,,A,NO PEDESTRIANS INVOLVED,5/13/2022 9:45:00 AM,A,VC 21658(a),False,1,SR-24 W/B TO I-580 W/B,,,5/19/2022 12:00:00 AM,A,W,40.0,MARKET ST,F,,D,5/19/2022 10:45:08 AM,5/19/2022 10:45:08 AM,False,True,4,,,,,,,
1775840,9335-2022-00875,1,False,9335,5/10/2022 6:05:00 AM,605,082,14,109,Oakland,1,True,True,C,REAR END,,Tuesday,NotApplicable,False,,,False,True,True,ALAMEDA SUPERIOR COURT WILEY W. MANUEL COURTHOUSE,C,OTHER MOTOR VEHICLE,,1,0,A,DAYLIGHT,37.82096,-122.3374,,,,,A,NO PEDESTRIANS INVOLVED,5/10/2022 6:05:00 AM,A,VC 22350,False,1,I-80 W/B,,,5/19/2022 12:00:00 AM,A,E,3750.0,SAN FRANCISCO COUNTY LINE,F,,D,5/19/2022 9:34:41 AM,5/19/2022 9:34:41 AM,False,True,4,,,,,,,
1775815,9335-2022-00874,1,False,9335,5/9/2022 10:23:00 PM,2223,082,14,109,Oakland,1,True,True,E,HIT OBJECT,,Monday,Yes,False,,,False,True,True,Alameda Superior Court Alameda,I,FIXED OBJECT,GUARD RAIL,1,0,C,DARK-STREET LIGHTS,37.824705,-122.313691,,,,,A,NO PEDESTRIANS INVOLVED,5/9/2022 10:23:00 PM,A,VC 23152(a),True,1,I-80 WB,,,5/19/2022 12:00:00 AM,A,E,3.0,SFOBB TOLL BOOTH,F,,D,5/19/2022 9:14:53 AM,5/19/2022 9:14:53 AM,False,True,4,,,,,,,
1775757,9370-2022-01310,1,False,9370,5/8/2022 11:30:00 AM,1130,176,14,109,Oakland,1,True,True,E,HIT OBJECT,,Sunday,Yes,False,M,,False,True,True,ALAMEDA SUPERIOR COURT WILEY W. MANUEL COURTHOUSE,I,FIXED OBJECT,CONCRETE SOUND WALL,1,0,A,DAYLIGHT,37.776223,-122.235212,,,,,A,NO PEDESTRIANS INVOLVED,5/8/2022 11:30:00 AM,A,VC 22107,False,1,I-880 N/B,,,5/19/2022 12:00:00 AM,A,N,636.0,29TH AVE,F,,D,5/19/2022 8:28:20 AM,5/19/2022 8:28:20 AM,False,True,4,,,,,,,
1775698,9370-2022-01115,1,False,9370,4/19/2022 6:15:00 AM,615,176,14,109,Oakland,1,True,True,B,SIDE SWIPE,,Tuesday,NotApplicable,False,M,,False,True,False,ALAMEDA SUPERIOR COURT WILEY W. MANUEL COURTHOUSE,C,OTHER MOTOR VEHICLE,,0,0,B,DUSK-DAWN,37.731917,-122.186985,,,,,A,NO PEDESTRIANS INVOLVED,4/19/2022 6:15:00 AM,A,VC 22350,False,1,I-880 N/B TO 98TH AVENUE,,,5/19/2022 12:00:00 AM,A,S,190.0,98TH AVENUE,F,,D,5/19/2022 7:23:40 AM,5/19/2022 7:23:40 AM,False,True,4,,,,,,,
1775696,9370-2022-01348,1,False,9370,5/11/2022 8:55:00 AM,855,013,14,109,Oakland,1,True,True,C,REAR END,,Wednesday,NotApplicable,False,,,False,True,True,ALAMEDA SUPERIOR COURT WILEY W. MANUEL COURTHOUSE,C,OTHER MOTOR VEHICLE,,0,0,A,DAYLIGHT,37.832156,-122.215699,,,,,A,NO PEDESTRIANS INVOLVED,5/11/2022 8:55:00 AM,A,VC 22350,False,1,SR-13 N/B FROM MORAGA AVENUE,,,5/19/2022 12:00:00 AM,A,E,250.0,SR-13,F,,D,5/19/2022 7:23:18 AM,5/19/2022 7:23:18 AM,False,True,4,,,,,,,
1775689,9370-2022-01078,1,False,9370,4/17/2022 12:18:00 AM,18,008,14,109,Oakland,1,True,True,E,HIT OBJECT,,Sunday,Yes,False,,,False,True,True,ALAMEDA SUPERIOR COURT WILEY W. MANUEL COURTHOUSE,I,FIXED OBJECT,ATTENUATORS,0,0,C,DARK-STREET LIGHTS,37.8248,-122.31374,,,,,A,NO PEDESTRIANS INVOLVED,4/17/2022 12:18:00 AM,A,VC 23152(a),True,1,I-80 W/B,,,5/19/2022 12:00:00 AM,A,E,10.0,SAN FRANCISCO OAKLAND BAY BRIDGE TOLL PLAZA,F,,A,5/19/2022 7:18:20 AM,5/19/2022 7:18:20 AM,False,True,4,,,,,,,
1775681,9370-2022-01005,1,False,9370,4/10/2022 10:20:00 PM,2220,008,14,109,Oakland,1,True,True,B,SIDE SWIPE,,Sunday,NotApplicable,False,,,False,True,False,ALAMEDA SUPERIOR COURT WILEY W. MANUEL COURTHOUSE,I,FIXED OBJECT,CRASH ATTENUATOR,0,0,C,DARK-STREET LIGHTS,37.82484,-122.31385,,,,,A,NO PEDESTRIANS INVOLVED,4/10/2022 10:20:00 PM,A,VC 22107,False,1,I-80 W/B,,,5/19/2022 12:00:00 AM,A,E,35.0,SAN FRANCISCO BAY BRIDGE TOLL PLAZA,F,,D,5/19/2022 7:10:08 AM,5/19/2022 7:10:08 AM,False,True,4,,,,,,,
1775627,9370-2022-01301,1,False,9370,5/7/2022 1:30:00 AM,130,176,14,109,Oakland,1,True,True,E,HIT OBJECT,,Saturday,Yes,False,,,False,True,True,ALAMEDA SUPERIOR COURT WILEY W. MANUEL COURTHOUSE,I,FIXED OBJECT,CONCRETE BARRIER WALL,0,0,C,DARK-STREET LIGHTS,37.824834,-122.265889,,,,,A,NO PEDESTRIANS INVOLVED,5/7/2022 1:30:00 AM,A,VC 22107,False,1,I-880 N/B,,,5/19/2022 12:00:00 AM,A,S,220.0,29TH AVE,F,,D,5/19/2022 4:15:26 AM,5/19/2022 4:15:26 AM,False,True,4,True,,,,,,
1775525,9370-2022-01172,1,False,9370,4/24/2022 7:20:00 PM,1920,054,14,109,Oakland,1,True,True,C,REAR END,,Sunday,NotApplicable,False,,,False,True,False,ALAMEDA SUPERIOR COURT WILEY W. MANUEL COURTHOUSE,C,OTHER MOTOR VEHICLE,,0,0,A,DAYLIGHT,37.811764,-122.250293,,,,,A,NO PEDESTRIANS INVOLVED,4/24/2022 7:20:00 PM,A,VC 22350,False,1,I-580 E/B,,,5/19/2022 12:00:00 AM,A,W,650.0,GRAND AVE,F,,D,5/19/2022 2:42:09 AM,5/19/2022 2:42:09 AM,False,True,4,,,,,,,
1775523,9370-2022-01173,1,False,9370,4/24/2022 7:02:00 PM,1902,025,14,109,Oakland,1,True,True,C,REAR END,,Sunday,NotApplicable,False,M,,False,True,False,Alameda Superior Court Wiley W. Manuel Courthouse,C,OTHER MOTOR VEHICLE,,0,0,A,DAYLIGHT,37.824796,-122.265833,,,,,A,NO PEDESTRIANS INVOLVED,4/24/2022 7:02:00 PM,A,VC 22350,False,1,SR-24 W/B TO I-580 E/B,,,5/19/2022 12:00:00 AM,A,W,426.0,W. MAC ARTHUR BLVD,F,,D,5/19/2022 2:21:11 AM,5/19/2022 2:21:11 AM,False,True,4,,,,,,,
1775515,9370-2022-01169,1,False,9370,4/24/2022 4:55:00 PM,1655,054,14,109,Oakland,1,True,True,C,REAR END,,Sunday,NotApplicable,False,,,False,True,False,ALAMEDA SUPERIOR COURT WILEY W. MANUEL COURTHOUSE,C,OTHER MOTOR VEHICLE,,0,0,A,DAYLIGHT,37.80902,-122.24487,,,,,A,NO PEDESTRIANS INVOLVED,4/24/2022 4:55:00 PM,A,VC 22350,False,1,I-580 E/B FROM LAKESHORE AVENUE,,,5/19/2022 12:00:00 AM,A,E,619.0,LAKESHORE AVENUE,F,,D,5/19/2022 2:17:24 AM,5/19/2022 2:17:24 AM,False,True,4,,,,,,,
1775251,9335-2022-00865,1,False,9335,5/9/2022 7:05:00 AM,705,082,14,109,Oakland,1,True,True,C,REAR END,,Monday,Yes,False,,,False,True,True,ALAMEDA SUPERIOR COURT WILEY W. MANUEL COURTHOUSE,C,OTHER MOTOR VEHICLE,,1,0,A,DAYLIGHT,37.82196,-122.32959,,,,,A,NO PEDESTRIANS INVOLVED,5/9/2022 7:05:00 AM,A,VC 22350,False,2,I-80 W/B,,,5/18/2022 12:00:00 AM,A,E,1.12,SAN FRANCISCO COUNTY LINE,M,,D,5/18/2022 1:25:00 PM,5/18/2022 1:25:00 PM,False,True,4,,,,,,,
1775218,9370-2022-01170,1,False,9370,4/24/2022 4:30:00 PM,1630,176,14,109,Oakland,1,True,True,C,REAR END,,Sunday,NotApplicable,False,M,,False,True,False,ALAMEDA SUPERIOR COURT WILEY W. MANUEL COURTHOUSE,C,OTHER MOTOR VEHICLE,,0,0,A,DAYLIGHT,-37.759182,-122.212516,,,,,A,NO PEDESTRIANS INVOLVED,4/24/2022 4:30:00 PM,A,VC 22350,False,1,I-880 N/B,,,5/18/2022 12:00:00 AM,A,S,3970.0,HIGH ST,F,,D,5/18/2022 1:00:08 PM,5/18/2022 1:00:08 PM,False,True,4,,,,,,,
1775205,9370-2022-01233,1,False,9370,4/30/2022 2:30:00 PM,1430,175,14,109,Oakland,1,True,True,C,REAR END,,Saturday,Yes,False,,,False,True,False,ALAMEDA SUPERIOR COURT WILEY W. MANUEL COURTHOUSE,C,OTHER MOTOR VEHICLE,,1,0,A,DAYLIGHT,37.769957,-122.220683,,,,,A,NO PEDESTRIANS INVOLVED,4/30/2022 2:30:00 PM,A,VC 22350,False,1,SR-77 W/B,,,5/18/2022 12:00:00 AM,A,E,50.0,COLISEUM WAY,F,,D,5/18/2022 12:51:31 PM,5/18/2022 12:51:31 PM,False,True,4,,,,,,,
1775182,9370-2022-01342,1,False,9370,5/10/2022 6:20:00 PM,1820,008,14,109,Oakland,1,True,True,C,REAR END,,Tuesday,NotApplicable,False,,,False,True,False,ALAMEDA SUPERIOR COURT WILEY W. MANUEL COURTHOUSE,C,OTHER MOTOR VEHICLE,,1,0,A,DAYLIGHT,37.824754,-122.306562,,,,,A,NO PEDESTRIANS INVOLVED,5/10/2022 6:20:00 PM,A,VC 22350,False,1,I-80 E/B,,,5/18/2022 12:00:00 AM,A,E,2050.0,SFOBB TOLL PLAZA,F,,D,5/18/2022 12:29:34 PM,5/18/2022 12:29:34 PM,False,True,4,,,,,,,
1775163,9370-2022-01344,1,False,9370,5/10/2022 3:40:00 PM,1540,054,14,109,Oakland,1,True,True,C,REAR END,,Tuesday,Yes,False,,,False,True,False,ALAMEDA SUPERIOR COURT WILEY W. MANUEL COURTHOUSE,C,OTHER MOTOR VEHICLE,,2,0,A,DAYLIGHT,37.813579,-122.250851,,,,,A,NO PEDESTRIANS INVOLVED,5/10/2022 3:40:00 PM,A,VC 22350,False,1,I-580 E/B,,,5/18/2022 12:00:00 AM,A,W,1310.0,GRAND AVENUE,F,,D,5/18/2022 11:56:37 AM,5/18/2022 11:56:37 AM,False,True,4,,,,,,,
1775135,9370-2022-01343,1,False,9370,5/10/2022 3:25:00 PM,1525,053,14,109,Oakland,1,True,True,C,REAR END,,Tuesday,NotApplicable,False,,,False,True,False,Alameda Superior Court Wiley W. Manuel Courthouse,C,OTHER MOTOR VEHICLE,,0,0,A,DAYLIGHT,37.79981,-122.223844,,,,,A,NO PEDESTRIANS INVOLVED,5/10/2022 3:25:00 PM,A,VC 22350,False,1,I-580 E/B W/O FRUITVALE AVENUE,,,5/18/2022 12:00:00 AM,A,W,1500.0,FRUITVALE AVENUE,F,,D,5/18/2022 11:36:24 AM,5/18/2022 11:36:24 AM,False,True,4,,,,,,,
1775113,9370-2022-01164,1,False,9370,4/23/2022 5:27:00 PM,1727,024,14,109,Oakland,1,True,True,C,REAR END,,Saturday,NotApplicable,False,M,,False,True,True,ALAMEDA SUPERIOR COURT WILEY W. MANUEL COURTHOUSE,C,OTHER MOTOR VEHICLE,,0,0,A,DAYLIGHT,37.82482,-122.265868,,,,,A,NO PEDESTRIANS INVOLVED,4/23/2022 5:27:00 PM,A,VC 22350,False,1,SR-24 W/B,,,5/18/2022 12:00:00 AM,A,E,270.0,KAY ST,F,,D,5/18/2022 11:14:07 AM,5/18/2022 11:14:07 AM,False,True,4,,,,,,,