collision-id,report-number,report-version,is-preliminary,ncic-code,crash-date-time,crash-time-description,beat,city-id,city-code,city-name,county-code,city-is-active,city-is-incorporated,collision-type-code,collision-type-description,collision-type-other-desc,day-of-week,dispatch-notified,has-photographs,hit-run,is-attachments-mailed,is-deleted,is-highway-related,is-tow-away,judicial-district,motor-vehicle-involved-with-code,motor-vehicle-involved-with-desc,motor-vehicle-involved-with-other-desc,number-injured,number-killed,lighting-code,lighting-description,latitude,longitude,milepost-direction,milepost-distance,milepost-marker,milepost-unit-of-measure,pedestrian-action-code,pedestrian-action-desc,prepared-date,primary-collision-factor-code,primary-collision-factor-description,primary-collision-factor-is-cited,primary-collision-party-number,primary-road,reporting-district,reporting-district-code,reviewed-date,roadway-surface-code,secondary-direction,secondary-distance,secondary-road,secondary-unit-of-measure,sketch-desc,traffic-control-device-code,created-date,modified-date,is-county-road,is-freeway,chp-555-version,is-additonal-object-struck,notification-date,notification-time-description,has-digital-media-files,evidence-number,is-location-refer-to-narrative,is-aoi-one-same-as-location
1775081,9370-2022-01340,1,False,9370,5/10/2022 1:10:00 PM,1310,024,14,109,Oakland,1,True,True,B,SIDE SWIPE,,Tuesday,NotApplicable,False,,,False,True,False,ALAMEDA SUPERIOR COURT WILEY W. MANUEL COURTHOUSE,C,OTHER MOTOR VEHICLE,,0,0,A,DAYLIGHT,37.849775,-122.238155,,,,,A,NO PEDESTRIANS INVOLVED,5/10/2022 1:10:00 PM,A,VC 21658(A),False,1,SR-24 E/B,,,5/18/2022 12:00:00 AM,A,E,100.0,GOLDEN GATE AVE,F,,D,5/18/2022 10:58:32 AM,5/18/2022 10:58:32 AM,False,True,4,,,,,,,
1775045,9370-2022-01322,1,False,9370,5/9/2022 7:18:00 AM,718,901,14,109,Oakland,1,True,True,E,HIT OBJECT,,Monday,NotApplicable,False,,,False,False,False,ALAMEDA SUPERIOR COURT WILEY W. MANUEL COURTHOUSE,I,FIXED OBJECT,TELEPHONE WIRE,0,0,A,DAYLIGHT,37.764325,-122.167798,,,,,A,NO PEDESTRIANS INVOLVED,5/9/2022 7:18:00 AM,C,,,,RITCHIE STREET- 2700 BLOCK,,,5/18/2022 12:00:00 AM,A,S,296.0,MACARTHUR BLVD,F,,D,5/18/2022 10:27:14 AM,5/18/2022 10:27:14 AM,False,False,4,,,,,,,
1775041,9370-2022-01162,1,False,9370,4/23/2022 5:15:00 PM,1715,024,14,109,Oakland,1,True,True,E,HIT OBJECT,,Saturday,NotApplicable,False,,,False,True,True,ALAMEDA SUPERIOR COURT WILEY W. MANUEL COURTHOUSE,J,OTHER OBJECT,METAL IMPACT ATTENUATOR,0,0,A,DAYLIGHT,37.824807,-122.265863,,,,,A,NO PEDESTRIANS INVOLVED,4/23/2022 5:15:00 PM,A,VC 22350,False,1,SR-24 W/B TO SR-13 S/B,,,5/18/2022 12:00:00 AM,A,W,2255.0,KAY ST,F,,D,5/18/2022 10:24:02 AM,5/18/2022 10:24:02 AM,False,True,4,,,,,,,
1774982,9370-2022-01158,1,False,9370,4/23/2022 2:14:00 PM,1414,081,14,109,Oakland,1,True,True,C,REAR END,,Saturday,No,False,M,,False,True,False,Alameda Superior Court Wiley W. Manuel Courthouse,C,OTHER MOTOR VEHICLE,,0,0,A,DAYLIGHT,37.852809,-122.30014,,,,,A,NO PEDESTRIANS INVOLVED,4/23/2022 2:14:00 PM,A,VC 22350,False,1,I-80 W/B,,,5/18/2022 12:00:00 AM,A,E,1400.0,ASHBY AVE,F,,D,5/18/2022 9:37:37 AM,5/18/2022 9:37:37 AM,False,True,4,,,,,,,
1774966,9370-2022-01155,1,False,9370,4/23/2022 11:40:00 AM,1140,025,14,109,Oakland,1,True,True,C,REAR END,,Saturday,NotApplicable,False,,,False,True,False,ALAMEDA SUPERIOR COURT WILEY W. MANUEL COURTHOUSE,C,OTHER MOTOR VEHICLE,,1,0,A,DAYLIGHT,37.833276,-122.266601,,,,,A,NO PEDESTRIANS INVOLVED,4/23/2022 11:40:00 AM,A,VC 22350,False,1,SR-24 W/B,,,5/18/2022 12:00:00 AM,A,W,140.0,42ND STREET,F,,D,5/18/2022 9:31:00 AM,5/18/2022 9:31:00 AM,False,True,4,,,,,,,
1774951,9370-2022-01180,1,False,9370,4/25/2022 10:55:00 AM,1055,901,14,109,Oakland,1,True,True,H,OTHER,BACKING,Monday,NotApplicable,True,,,False,False,False,ALAMEDA SUPERIOR COURT WILEY W. MANUEL COURTHOUSE,C,OTHER MOTOR VEHICLE,,0,0,A,DAYLIGHT,37.786459,-122.196723,,,,,A,NO PEDESTRIANS INVOLVED,4/25/2022 10:55:00 AM,A,VC 22106,False,1,HIGH ST,,,5/18/2022 12:00:00 AM,A,,,QUIGLEY PL,,,D,5/18/2022 9:23:58 AM,5/18/2022 9:23:58 AM,True,False,4,,,,,,,
1774876,9335-2022-00818,1,False,9335,5/1/2022 9:30:00 PM,2130,082,14,109,Oakland,1,True,True,E,HIT OBJECT,,Sunday,NotApplicable,False,,,False,True,False,ALAMEDA SUPERIOR COURT ALAMEDA,I,FIXED OBJECT,TOLL BOOTH,0,0,C,DARK-STREET LIGHTS,37.824931,-122.313912,,,,,A,NO PEDESTRIANS INVOLVED,5/1/2022 9:30:00 PM,A,VC 22350,False,1,I-80 WESTBOUND,,,5/18/2022 12:00:00 AM,A,E,20.0,SAN FRANCISCO OAKLAND BAY BRIDGE TOLL PLAZA,F,,A,5/18/2022 8:33:32 AM,5/18/2022 8:33:32 AM,False,True,4,,,,,,,
1774790,9370-2022-01080,1,False,9370,4/17/2022 2:27:00 PM,1427,052,14,109,Oakland,1,True,True,C,REAR END,,Sunday,NotApplicable,False,,,False,True,True,ALAMEDA SUPERIOR COURT WILEY W. MANUEL COURTHOUSE,C,OTHER MOTOR VEHICLE,,0,0,A,DAYLIGHT,38.8198,-121.0276,,,,,A,NO PEDESTRIANS INVOLVED,4/17/2022 2:27:00 PM,A,VC 22350,False,1,I-580 E/B,,,5/18/2022 12:00:00 AM,A,E,500.0,TWIN OAKS WAY,F,,D,5/18/2022 7:07:44 AM,5/18/2022 7:07:44 AM,False,True,4,,,,,,,
1774738,9370-2022-01329,1,False,9370,5/9/2022 7:50:00 AM,750,053,14,109,Oakland,1,True,True,C,REAR END,,Monday,NotApplicable,False,,,False,True,True,ALAMEDA SUPERIOR COURT WILEY W. MANUEL COURTHOUSE,C,OTHER MOTOR VEHICLE,,1,0,A,DAYLIGHT,37.791042,-122.202157,,,,,A,NO PEDESTRIANS INVOLVED,5/9/2022 7:50:00 AM,A,VC 22350,False,1,I-580 W/B,,,5/18/2022 12:00:00 AM,A,E,500.0,35TH AVE,F,,D,5/18/2022 6:09:33 AM,5/18/2022 6:09:33 AM,False,True,4,,,,,,,
1774684,9370-2022-01314,1,False,9370,5/8/2022 12:15:00 PM,1215,025,14,109,Oakland,1,True,True,C,REAR END,,Sunday,NotApplicable,False,,,False,True,False,ALAMEDA SUPERIOR COURT WILEY W. MANUEL COURTHOUSE,C,OTHER MOTOR VEHICLE,,0,0,A,DAYLIGHT,37.830896,-122.267335,,,,,A,NO PEDESTRIANS INVOLVED,5/8/2022 12:15:00 PM,A,VC 21651(a)(1),False,1,SR-24 W/B TO I-580,,,5/18/2022 12:00:00 AM,A,W,100.0,42ND STREET,F,,D,5/18/2022 3:18:18 AM,5/18/2022 3:18:18 AM,False,True,4,,,,,,,
1774507,9370-2022-01295,1,False,9370,5/6/2022 11:35:00 AM,1135,176,14,109,Oakland,1,True,True,B,SIDE SWIPE,,Friday,NotApplicable,False,,,False,True,False,ALAMEDA SUPERIOR COURT WILEY W. MANUEL COURTHOUSE,C,OTHER MOTOR VEHICLE,,0,0,A,DAYLIGHT,37.747828,-122.202927,,,,,A,NO PEDESTRIANS INVOLVED,5/6/2022 11:35:00 AM,A,VC 21658(A),False,1,I-880 S/B,,,5/18/2022 12:00:00 AM,A,S,2654.0,66TH AVE,F,,D,5/18/2022 1:17:30 AM,5/18/2022 1:17:30 AM,False,True,4,,,,,,,
1774506,9370-2022-01302,1,False,9370,5/6/2022 11:40:00 AM,1140,008,14,109,Oakland,1,True,True,E,HIT OBJECT,,Friday,NotApplicable,False,,,False,True,False,Alameda Superior Court Wiley W. Manuel Courthouse,I,FIXED OBJECT,METAL ATTENUATOR,0,0,A,DAYLIGHT,37.824748,-12.313695,,,,,A,NO PEDESTRIANS INVOLVED,5/6/2022 11:40:00 AM,A,VC 22107,False,1,I-80 W/B,,,5/18/2022 12:00:00 AM,A,E,20.0,SFOBB TOLL PLAZA,F,,D,5/18/2022 1:08:45 AM,5/18/2022 1:08:45 AM,False,True,4,False,,,,,,
1774505,9370-2022-01122,1,False,9370,4/21/2022 8:40:00 AM,840,013,14,109,Oakland,1,True,True,E,HIT OBJECT,,Thursday,Yes,False,M,,False,True,False,ALAMEDA SUPERIOR COURT WILEY W. MANUEL COURTHOUSE,I,FIXED OBJECT,CONCRETE WALL,0,0,A,DAYLIGHT,37.805235,-122.191937,,,,,A,NO PEDESTRIANS INVOLVED,4/21/2022 8:40:00 AM,A,VC 22350,False,1,SR-13 N/B,,,5/18/2022 12:00:00 AM,B,S,2530.0,JOAQUIN MILLER RD,F,,D,5/18/2022 12:54:11 AM,5/18/2022 12:54:11 AM,False,True,4,,,,,,,
1774504,9370-2022-01299,1,False,9370,5/6/2022 3:25:00 PM,1525,055,14,109,Oakland,1,True,True,C,REAR END,,Friday,NotApplicable,False,,,False,True,True,ALAMEDA SUPERIOR COURT WILEY W. MANUEL COURTHOUSE,C,OTHER MOTOR VEHICLE,,2,0,A,DAYLIGHT,37.825793,-122.274721,,,,,A,NO PEDESTRIANS INVOLVED,5/6/2022 3:25:00 PM,A,VC 22350,False,1,I-580 E/B,,,5/18/2022 12:00:00 AM,A,W,680.0,WEST STREET,F,,D,5/18/2022 12:46:40 AM,5/18/2022 12:46:40 AM,False,True,4,,,,,,,
1774503,9370-2022-01297,1,False,9370,5/6/2022 4:55:00 PM,1655,177,14,109,Oakland,1,True,True,C,REAR END,,Friday,NotApplicable,False,,,False,True,False,ALAMEDA SUPERIOR COURT WILEY W. MANUEL COURTHOUSE,C,OTHER MOTOR VEHICLE,,0,0,A,DAYLIGHT,37.797473,-122.27234,,,,,A,NO PEDESTRIANS INVOLVED,5/6/2022 4:55:00 PM,A,VC 22350,False,1,I-880 S/B,,,5/18/2022 12:00:00 AM,A,N,320.0,HARRISON STREET,F,,D,5/18/2022 12:28:45 AM,5/18/2022 12:28:45 AM,False,True,4,,,,,,,
1774502,9370-2022-01300,1,False,9370,5/6/2022 10:11:00 PM,2211,052,14,109,Oakland,1,True,True,E,HIT OBJECT,CONCRETE WALL,Friday,NotApplicable,False,,,False,True,True,ALAMEDA SUPERIOR COURT WILEY W. MANUEL COURTHOUSE,I,FIXED OBJECT,CONCRETE BARRIER WALL,1,0,D,DARK-NO STREET LIGHTS,37.824815,-122.265841,,,,,A,NO PEDESTRIANS INVOLVED,5/6/2022 10:11:00 PM,A,VC 22107,False,1,I-580 W/B,,,5/18/2022 12:00:00 AM,A,W,60.0,BUELL ST,F,,D,5/18/2022 12:19:10 AM,5/18/2022 12:19:10 AM,False,True,4,,,,,,,
1774501,9370-2022-01307,1,False,9370,5/7/2022 6:37:00 PM,1837,025,14,109,Oakland,1,True,True,B,SIDE SWIPE,,Saturday,NotApplicable,False,M,,False,True,False,ALAMEDA SUPERIOR COURT WILEY W. MANUEL COURTHOUSE,C,OTHER MOTOR VEHICLE,,0,0,A,DAYLIGHT,37.847142,-122.245446,,,,,A,NO PEDESTRIANS INVOLVED,5/7/2022 6:37:00 PM,A,VC 21658(A),False,1,SR-24 E/B,,,5/18/2022 12:00:00 AM,A,W,340.0,CLAREMONT AVE,F,,D,5/18/2022 12:15:15 AM,5/18/2022 12:15:15 AM,False,True,4,,,,,,,
1774083,9370-2022-01125,1,False,9370,4/21/2022 11:10:00 AM,1110,052,14,109,Oakland,1,True,True,B,SIDE SWIPE,,Thursday,Yes,False,M,,False,True,False,ALAMEDA SUPERIOR COURT WILEY W. MANUEL COURTHOUSE,E,PARKED MOTOR VEHICLE,,0,0,A,DAYLIGHT,37.738454,-122.142012,,,,,A,NO PEDESTRIANS INVOLVED,4/21/2022 11:10:00 AM,A,VC 22107,False,1,I-580 E/B,,,5/17/2022 12:00:00 AM,A,W,350.0,MACARTHUR BLVD,F,,D,5/17/2022 12:04:29 PM,5/17/2022 12:04:29 PM,False,True,4,,,,,,,
1774070,9370-2022-01093,1,False,9370,4/19/2022 6:14:00 AM,614,176,14,109,Oakland,1,True,True,C,REAR END,,Tuesday,NotApplicable,False,M,,False,True,False,ALAMEDA SUPERIOR COURT WILEY W. MANUEL COURTHOUSE,C,OTHER MOTOR VEHICLE,,0,0,B,DUSK-DAWN,37.731733,-122.186997,,,,,A,NO PEDESTRIANS INVOLVED,4/19/2022 6:14:00 AM,A,VC 22350,False,1,I-880 N/B TO 98TH AVENUE,,,5/17/2022 12:00:00 AM,A,S,250.0,98TH AVENUE,F,,D,5/17/2022 11:47:39 AM,5/17/2022 11:47:39 AM,False,True,4,,,,,,,
1774057,9370-2022-01064,1,False,9370,4/16/2022 5:10:00 AM,510,025,14,109,Oakland,1,True,True,C,REAR END,,Saturday,NotApplicable,False,F,,False,True,True,ALAMEDA SUPERIOR COURT WILEY W. MANUEL COURTHOUSE,C,OTHER MOTOR VEHICLE,,0,0,D,DARK-NO STREET LIGHTS,37.48197,-122.14625,,,,,A,NO PEDESTRIANS INVOLVED,4/16/2022 5:10:00 AM,C,,,,I-580 W/B,,,5/17/2022 12:00:00 AM,B,W,620.0,PARK BLVD,F,,D,5/17/2022 11:38:43 AM,5/17/2022 11:38:43 AM,False,True,4,,,,,,,
1774051,9370-2022-01059,1,False,9370,4/7/2022 2:43:00 AM,243,178,14,109,Oakland,1,True,True,E,HIT OBJECT,,Thursday,NotApplicable,False,,,False,True,False,ALAMEDA SUPERIOR COURT WILEY W. MANUEL COURTHOUSE,J,OTHER OBJECT,TIRE,0,0,D,DARK-NO STREET LIGHTS,37.481463,-122.18765,,,,,A,NO PEDESTRIANS INVOLVED,4/7/2022 2:43:00 AM,C,,,,I-880 N/B,,,5/17/2022 12:00:00 AM,A,S,1400.0,7TH ST,F,,D,5/17/2022 11:34:44 AM,5/17/2022 11:34:44 AM,False,True,4,,,,,,,
1773929,9370-2022-01289,1,False,9370,5/5/2022 2:50:00 PM,1450,055,14,109,Oakland,1,True,True,C,REAR END,,Thursday,NotApplicable,False,,,False,True,True,ALAMEDA SUPERIOR COURT WILEY W. MANUEL COURTHOUSE,C,OTHER MOTOR VEHICLE,,0,0,A,DAYLIGHT,37.822281,-122.260393,,,,,A,NO PEDESTRIANS INVOLVED,5/5/2022 2:50:00 PM,A,VC 22350,False,1,I-580 E/B,,,5/17/2022 12:00:00 AM,A,W,200.0,BROADWAY,F,,D,5/17/2022 10:21:06 AM,5/17/2022 10:21:06 AM,False,True,4,,,,,,,
1773728,9370-2022-01149,1,False,9370,4/22/2022 5:45:00 PM,1745,052,14,109,Oakland,1,True,True,B,SIDE SWIPE,,Friday,NotApplicable,False,M,,False,True,False,ALAMEDA SUPERIOR COURT WILEY W. MANUEL COURTHOUSE,C,OTHER MOTOR VEHICLE,,0,0,A,DAYLIGHT,37.609654,-122.148436,,,,,A,NO PEDESTRIANS INVOLVED,4/22/2022 5:45:00 PM,A,VC 21658(A),False,1,I-580 W/B,,,5/17/2022 12:00:00 AM,A,W,800.0,TWIN OAKS WAY,F,,D,5/17/2022 8:12:24 AM,5/17/2022 8:12:24 AM,False,True,4,,,,,,,
1773705,9370-2022-01146,1,False,9370,4/22/2022 5:42:00 PM,1742,052,14,109,Oakland,1,True,True,C,REAR END,,Friday,NotApplicable,False,,,False,True,False,ALAMEDA SUPERIOR COURT WILEY W. MANUEL COURTHOUSE,C,OTHER MOTOR VEHICLE,,0,0,A,DAYLIGHT,37.784312,-122.187051,,,,,A,NO PEDESTRIANS INVOLVED,4/22/2022 5:42:00 PM,A,VC 22350,False,1,I-580 W/B,,,5/17/2022 12:00:00 AM,A,E,172.0,BUELL ST,F,,D,5/17/2022 7:53:38 AM,5/17/2022 7:53:38 AM,False,True,4,,,,,,,
1773625,9370-2022-00732,1,False,9370,3/17/2022 3:27:00 AM,327,176,14,109,Oakland,1,True,True,A,HEAD-ON,,Thursday,NotApplicable,False,M,,False,True,True,ALAMEDA SUPERIOR COURT WILEY W. MANUEL COURTHOUSE,C,OTHER MOTOR VEHICLE,,0,0,C,DARK-STREET LIGHTS,37.732517,-122.188429,,,,,A,NO PEDESTRIANS INVOLVED,3/17/2022 3:27:00 AM,A,VC 21651(b),False,2,I-880 N/B FROM 98TH AVENUE,,,5/17/2022 12:00:00 AM,A,N,314.0,98TH AVENUE,F,,A,5/17/2022 6:14:03 AM,5/17/2022 6:14:03 AM,False,True,4,,,,,,,
1773336,9370-2022-01285,1,False,9370,5/4/2022 11:00:00 PM,2300,052,14,109,Oakland,1,True,True,E,HIT OBJECT,,Wednesday,Yes,False,M,,False,True,True,ALAMEDA SUPERIOR COURT WILEY W. MANUEL COURTHOUSE,I,FIXED OBJECT,CONCRETE BARRIER WALL,1,0,C,DARK-STREET LIGHTS,37.75844,-122.1478,,,,,A,NO PEDESTRIANS INVOLVED,5/4/2022 11:00:00 PM,A,VC 22350,False,1,I-580 E/B,,,5/16/2022 12:00:00 AM,A,W,1574.0,GOLF LINKS ROAD,F,,D,5/16/2022 10:29:06 PM,5/16/2022 10:29:06 PM,False,True,4,,,,,,,
1773331,9370-2022-01133,1,False,9370,4/22/2022 1:20:00 AM,120,024,14,109,Oakland,1,True,True,B,SIDE SWIPE,,Friday,Yes,False,M,,False,True,True,Alameda Superior Court Wiley W. Manuel Courthouse,C,OTHER MOTOR VEHICLE,,1,0,D,DARK-NO STREET LIGHTS,37.8346,-122.26623,,,,,A,NO PEDESTRIANS INVOLVED,4/22/2022 1:20:00 AM,A,VC 21658(A),False,1,SR-24 W/B,,,5/16/2022 12:00:00 AM,A,E,240.0,46TH STREET,F,,D,5/16/2022 9:44:10 PM,5/16/2022 9:44:10 PM,False,True,4,,,,,,,
1772972,9370-2022-01143,1,False,9370,4/22/2022 1:25:00 PM,1325,025,14,109,Oakland,1,True,True,C,REAR END,,Friday,NotApplicable,False,,,False,True,False,ALAMEDA SUPERIOR COURT WILEY W. MANUEL COURTHOUSE,C,OTHER MOTOR VEHICLE,,0,0,A,DAYLIGHT,37.830629,-122.267203,,,,,A,NO PEDESTRIANS INVOLVED,4/22/2022 1:25:00 PM,A,VC 22350,False,1,SR-24 W/B TO I-580 E/B,,,5/16/2022 12:00:00 AM,A,E,340.0,40TH ST,F,,D,5/16/2022 12:14:04 PM,5/16/2022 12:14:04 PM,False,True,4,,,,,,,
1772933,9370-2022-01142,1,False,9370,4/22/2022 7:17:00 AM,717,178,14,109,Oakland,1,True,True,E,HIT OBJECT,,Friday,NotApplicable,False,,,False,True,True,ALAMEDA SUPERIOR COURT WILEY W. MANUEL COURTHOUSE,I,FIXED OBJECT,CONCRETE BARRIER,0,0,A,DAYLIGHT,37.802367,-122.292289,,,,,A,NO PEDESTRIANS INVOLVED,4/22/2022 7:17:00 AM,A,VC 22107,False,1,I-880 S/B,,,5/16/2022 12:00:00 AM,B,N,992.0,ADELINE ST,F,,D,5/16/2022 11:40:41 AM,5/16/2022 11:40:41 AM,False,True,4,,,,,,,
1772906,9370-2022-01153,1,False,9370,4/22/2022 4:30:00 AM,430,054,14,109,Oakland,1,True,True,E,HIT OBJECT,CONCRETE WALL,Friday,NotApplicable,False,,,False,True,False,ALAMEDA SUPERIOR COURT WILEY W. MANUEL COURTHOUSE,I,FIXED OBJECT,CONCRETE WALL,0,0,C,DARK-STREET LIGHTS,37.809024,-122.24391,,,,,A,NO PEDESTRIANS INVOLVED,4/22/2022 4:30:00 AM,A,VC 22350,False,1,I-580 W/B,,,5/16/2022 12:00:00 AM,B,E,500.0,LAKESHORE AVE,F,,D,5/16/2022 11:22:04 AM,5/16/2022 11:22:04 AM,False,True,4,,,,,,,
1772777,9370-2022-01139,1,False,9370,4/21/2022 5:55:00 PM,1755,177,14,109,Oakland,1,True,True,C,REAR END,,Thursday,NotApplicable,False,,,False,True,False,ALAMEDA SUPERIOR COURT WILEY W. MANUEL COURTHOUSE,C,OTHER MOTOR VEHICLE,,0,0,A,DAYLIGHT,37.793199,-122.263612,,,,,A,NO PEDESTRIANS INVOLVED,4/21/2022 5:55:00 PM,A,VC 22350,False,2,I-880 S/B,,,5/16/2022 12:00:00 AM,A,N,1300.0,5TH AVE,F,,D,5/16/2022 10:15:38 AM,5/16/2022 10:15:38 AM,False,True,4,,,,,,,
1772741,9370-2022-01129,1,False,9370,4/21/2022 5:20:00 PM,1720,055,14,109,Oakland,1,True,True,C,REAR END,,Thursday,No,False,M,,False,True,False,Alameda Superior Court Wiley W. Manuel Courthouse,C,OTHER MOTOR VEHICLE,,0,0,A,DAYLIGHT,37.808993,-122.244606,,,,,A,NO PEDESTRIANS INVOLVED,4/21/2022 5:20:00 PM,A,VC 22350,False,1,I-580 E/B FROM LAKESHORE AVENUE,,,5/16/2022 12:00:00 AM,B,E,645.0,LAKESHORE AVE,F,,D,5/16/2022 9:51:59 AM,5/16/2022 9:51:59 AM,False,True,4,,,,,,,
1772620,9370-2022-01331,1,False,9370,5/9/2022 7:55:00 PM,1955,054,14,109,Oakland,1,True,True,G,VEHICLE/PEDESTRAIN,,Monday,Yes,False,,,False,True,False,Alameda Superior Court Wiley W. Manuel Courthouse,B,PEDESTRIAN,,1,0,A,DAYLIGHT,37.80979,-122.246087,,,,,E,IN ROAD - INCLUDES SHOULDER,5/9/2022 7:55:00 PM,A,VC 21954(a),False,1,I-580 W/B,,,5/16/2022 12:00:00 AM,A,E,60.0,LAKESHORE AVE,F,,D,5/16/2022 8:36:42 AM,5/16/2022 8:36:42 AM,False,True,4,,,,,,,
1772594,9370-2022-01330,1,False,9370,5/9/2022 3:10:00 PM,1510,053,14,109,Oakland,1,True,True,E,HIT OBJECT,AN UNKNOWN OBJECT,Monday,NotApplicable,False,,,False,True,False,ALAMEDA SUPERIOR COURT WILEY W. MANUEL COURTHOUSE,J,OTHER OBJECT,UNKNOWN OBJECT,0,0,A,DAYLIGHT,37.792175,-122.203421,,,,,A,NO PEDESTRIANS INVOLVED,5/9/2022 3:10:00 PM,C,,,,I-580 E/B,,,5/16/2022 12:00:00 AM,A,W,10.0,35TH AVE,F,,D,5/16/2022 8:19:04 AM,5/16/2022 8:19:04 AM,False,True,4,False,,,,,,
1772586,9370-2022-01065,1,False,9370,4/16/2022 3:55:00 AM,355,008,14,109,Oakland,1,True,True,F,OVERTURNED,,Saturday,NotApplicable,False,,,False,True,False,ALAMEDA SUPERIOR COURT WILEY W. MANUEL COURTHOUSE,A,NON-COLLISION,ROADWAY,0,0,C,DARK-STREET LIGHTS,37.835045,-122.295146,,,,,A,NO PEDESTRIANS INVOLVED,4/16/2022 3:55:00 AM,A,VC 22350,False,1,I-80 E/B,,,5/16/2022 12:00:00 AM,B,W,1140.0,POWELL ST,F,,D,5/16/2022 8:02:55 AM,5/16/2022 8:02:55 AM,False,True,4,,,,,,,
1772560,9370-2022-00967,1,False,9370,4/7/2022 6:55:00 AM,655,008,14,109,Oakland,1,True,True,E,HIT OBJECT,,Thursday,NotApplicable,False,M,,False,True,False,Alameda Superior Court Wiley W. Manuel Courthouse,I,FIXED OBJECT,METAL ATTENUATOR,0,0,A,DAYLIGHT,37.828516,-122.293638,,,,,A,NO PEDESTRIANS INVOLVED,4/7/2022 6:55:00 AM,A,VC 22107,False,1,I-80 WB TO I-580 EB/I-880 SB,,,5/16/2022 12:00:00 AM,A,E,150.0,I-580 W/B TO I-80 W/B O/C,F,,D,5/16/2022 7:28:39 AM,5/16/2022 7:28:39 AM,False,True,4,,,,,,,
1772547,9370-2022-01141,1,False,9370,4/22/2022 11:14:00 AM,1114,177,14,109,Oakland,1,True,True,B,SIDE SWIPE,,Friday,NotApplicable,False,,,False,True,False,ALAMEDA SUPERIOR COURT WILEY W. MANUEL COURTHOUSE,C,OTHER MOTOR VEHICLE,,0,0,A,DAYLIGHT,37.758264,-122.211798,,,,,A,NO PEDESTRIANS INVOLVED,4/22/2022 11:14:00 AM,A,VC 21658(A),False,1,I-880 N/B,,,5/16/2022 12:00:00 AM,A,N,1878.0,66TH AVE,F,,D,5/16/2022 7:14:25 AM,5/16/2022 7:14:25 AM,False,True,4,,,,,,,
1772545,9370-2022-01140,1,False,9370,4/22/2022 10:39:00 AM,1039,176,14,109,Oakland,1,True,True,F,OVERTURNED,,Friday,NotApplicable,False,,,False,True,False,ALAMEDA SUPERIOR COURT WILEY W. MANUEL COURTHOUSE,A,NON-COLLISION,,1,0,A,DAYLIGHT,37.762787,-122.215741,,,,,A,NO PEDESTRIANS INVOLVED,4/22/2022 10:39:00 AM,A,VC 22107,False,1,I-880 N/B,,,5/16/2022 12:00:00 AM,A,S,2350.0,HIGH ST,F,,D,5/16/2022 7:11:23 AM,5/16/2022 7:11:23 AM,False,True,4,,,,,,,
1772544,9370-2022-01138,1,False,9370,4/22/2022 8:53:00 AM,853,013,14,109,Oakland,1,True,True,B,SIDE SWIPE,,Friday,NotApplicable,False,,,False,True,True,Alameda Superior Court Wiley W. Manuel Courthouse,C,OTHER MOTOR VEHICLE,,0,0,A,DAYLIGHT,37.829595,-122.213766,,,,,A,NO PEDESTRIANS INVOLVED,4/22/2022 8:53:00 AM,A,VC 22350,False,1,SR-13 N/B,,,5/16/2022 12:00:00 AM,B,S,1131.0,MORAGA AVE,F,,D,5/16/2022 7:09:48 AM,5/16/2022 7:09:48 AM,False,True,4,,,,,,,
1772462,9370-2022-01134,1,False,9370,4/22/2022 7:32:00 AM,732,025,14,109,Oakland,1,True,True,E,HIT OBJECT,,Friday,NotApplicable,False,,,False,True,True,ALAMEDA SUPERIOR COURT WILEY W. MANUEL COURTHOUSE,I,FIXED OBJECT,CONCRETE BARRIER WALL,1,0,A,DAYLIGHT,37.824948,-122.267847,,,,,A,NO PEDESTRIANS INVOLVED,4/22/2022 7:32:00 AM,A,VC 22350,False,1,SR-24 E/B,,,5/16/2022 12:00:00 AM,B,E,700.0,34TH ST,F,,D,5/16/2022 3:50:14 AM,5/16/2022 3:50:14 AM,False,True,4,,,,,,,
1772451,9370-2022-01123,1,False,9370,4/21/2022 8:05:00 AM,805,024,14,109,Oakland,1,True,True,C,REAR END,,Thursday,NotApplicable,False,,,False,True,False,ALAMEDA SUPERIOR COURT WILEY W. MANUEL COURTHOUSE,C,OTHER MOTOR VEHICLE,,0,0,A,DAYLIGHT,37.850184,-122.239248,,,,,A,NO PEDESTRIANS INVOLVED,4/21/2022 8:05:00 AM,A,VC 22350,False,1,SR-24 W/B,,,5/16/2022 12:00:00 AM,B,E,155.0,GOLDEN GATE AVENUE,F,,D,5/16/2022 3:26:01 AM,5/16/2022 3:26:01 AM,False,True,4,,,,,,,