collision-id,report-number,report-version,is-preliminary,ncic-code,crash-date-time,crash-time-description,beat,city-id,city-code,city-name,county-code,city-is-active,city-is-incorporated,collision-type-code,collision-type-description,collision-type-other-desc,day-of-week,dispatch-notified,has-photographs,hit-run,is-attachments-mailed,is-deleted,is-highway-related,is-tow-away,judicial-district,motor-vehicle-involved-with-code,motor-vehicle-involved-with-desc,motor-vehicle-involved-with-other-desc,number-injured,number-killed,lighting-code,lighting-description,latitude,longitude,milepost-direction,milepost-distance,milepost-marker,milepost-unit-of-measure,pedestrian-action-code,pedestrian-action-desc,prepared-date,primary-collision-factor-code,primary-collision-factor-description,primary-collision-factor-is-cited,primary-collision-party-number,primary-road,reporting-district,reporting-district-code,reviewed-date,roadway-surface-code,secondary-direction,secondary-distance,secondary-road,secondary-unit-of-measure,sketch-desc,traffic-control-device-code,created-date,modified-date,is-county-road,is-freeway,chp-555-version,is-additonal-object-struck,notification-date,notification-time-description,has-digital-media-files,evidence-number,is-location-refer-to-narrative,is-aoi-one-same-as-location
1768444,9370-2022-01284,1,False,9370,5/5/2022 2:29:00 AM,229,178,14,109,Oakland,1,True,True,E,HIT OBJECT,,Thursday,Yes,True,,,False,True,True,ALAMEDA SUPERIOR COURT WILEY W. MANUEL COURTHOUSE,J,OTHER OBJECT,REFLECTIVE TRAFFIC CONE,0,0,D,DARK-NO STREET LIGHTS,37.819112,-122.296082,,,,,A,NO PEDESTRIANS INVOLVED,5/5/2022 2:29:00 AM,A,VC 22350,False,1,I-880 N/B TO I-80 W/B,,,5/10/2022 12:00:00 AM,A,S,525.0,ADMIRAL TONEY WAY,F,,D,5/10/2022 7:33:29 AM,5/10/2022 7:33:29 AM,False,True,4,,,,,,,
1767667,9370-2022-01135,1,False,9370,4/22/2022 5:55:00 AM,555,055,14,109,Oakland,1,True,True,A,HEAD-ON,,Friday,NotApplicable,False,,,False,True,True,ALAMEDA SUPERIOR COURT WILEY W. MANUEL COURTHOUSE,C,OTHER MOTOR VEHICLE,,0,0,B,DUSK-DAWN,37.829418,-122.29333,,,,,A,NO PEDESTRIANS INVOLVED,4/22/2022 5:55:00 AM,A,VC 22350,False,1,I-580 W/B TO I-80 E/B,,,5/9/2022 12:00:00 AM,B,W,460.0,I-580 W/B TO I-80 W/B,F,,D,5/9/2022 11:36:05 AM,5/9/2022 11:36:05 AM,False,True,4,,,,,,,
1789152,9370-2022-01264,1,False,9370,5/3/2022 1:00:00 PM,1300,024,14,109,Oakland,1,True,True,B,SIDE SWIPE,,Tuesday,NotApplicable,False,,,False,True,False,ALAMEDA SUPERIOR COURT WILEY W. MANUEL COURTHOUSE,C,OTHER MOTOR VEHICLE,,1,0,A,DAYLIGHT,37.848687,-122.235021,,,,,A,NO PEDESTRIANS INVOLVED,5/3/2022 1:00:00 PM,A,VC 21658(A),False,1,SR-24 E/B,,,6/6/2022 12:00:00 AM,A,W,2100.0,SR-13 S/B,F,,D,6/6/2022 1:00:23 PM,6/6/2022 1:00:23 PM,False,True,4,,,,,,,
1788769,9370-2022-01181,1,False,9370,4/25/2022 8:22:00 AM,822,901,14,109,Oakland,1,True,True,B,SIDE SWIPE,,Monday,Yes,False,,,False,False,False,ALAMEDA SUPERIOR COURT WILEY W. MANUEL COURTHOUSE,E,PARKED MOTOR VEHICLE,,0,0,A,DAYLIGHT,37.800394,-122.234046,,,,,A,NO PEDESTRIANS INVOLVED,4/25/2022 8:22:00 AM,A,VC 22350,False,1,13TH STREET,,,6/6/2022 12:00:00 AM,A,S,70.0,BAYVIEW AVENUE,F,,D,6/6/2022 8:44:36 AM,6/6/2022 8:44:36 AM,True,False,4,,,,,,,
1788673,9370-2022-01552,1,False,9370,6/2/2022 11:02:00 AM,1102,052,14,109,Oakland,1,True,True,C,REAR END,,Thursday,NotApplicable,False,,,False,True,False,ALAMEDA SUPERIOR COURT WILEY W. MANUEL COURTHOUSE,C,OTHER MOTOR VEHICLE,,1,0,A,DAYLIGHT,37.753261,-122.151012,,,,,A,NO PEDESTRIANS INVOLVED,6/2/2022 11:02:00 AM,A,VC 22350,False,1,I-580 W/B TO GOLF LINKS ROAD,,,6/6/2022 12:00:00 AM,A,E,40.0,GOLF LINKS RD,F,,A,6/6/2022 7:16:01 AM,6/6/2022 7:16:01 AM,False,True,4,,,,,,,
1788477,9370-2022-01485,1,False,9370,5/24/2022 9:05:00 AM,905,081,14,109,Oakland,1,True,True,G,VEHICLE/PEDESTRAIN,,Tuesday,NotApplicable,False,,,False,True,False,ALAMEDA SUPERIOR COURT WILEY W. MANUEL COURTHOUSE,B,PEDESTRIAN,,0,0,A,DAYLIGHT,37.867057,-122.303211,,,,,E,IN ROAD - INCLUDES SHOULDER,5/24/2022 9:05:00 AM,A,VC 21954(a),False,1,I-80 E/B TO UNIVERSITY AVENUE,,,6/5/2022 12:00:00 AM,A,E,30.0,UNIVERSITY AVE,F,,D,6/5/2022 12:16:03 PM,6/5/2022 12:16:03 PM,False,True,4,,,,,,,
1788472,9370-2022-01482,1,False,9370,5/24/2022 4:05:00 AM,405,176,14,109,Oakland,1,True,True,E,HIT OBJECT,,Tuesday,NotApplicable,False,,,False,True,True,ALAMEDA SUPERIOR COURT WILEY W. MANUEL COURTHOUSE,I,FIXED OBJECT,CONCRETE BARRIER,0,0,C,DARK-STREET LIGHTS,37.76249,-122.21556,,,,,A,NO PEDESTRIANS INVOLVED,5/24/2022 4:05:00 AM,A,VC 22107,False,1,I-880 N/B,,,6/5/2022 12:00:00 AM,A,S,2483.0,HIGH STREET,F,,D,6/5/2022 11:39:53 AM,6/5/2022 11:39:53 AM,False,True,4,,,,,,,
1788470,9370-2022-01389,2,False,9370,5/14/2022 11:20:00 PM,2320,052,14,109,Oakland,1,True,True,C,REAR END,,Saturday,Yes,False,M,,False,True,False,ALAMEDA SUPERIOR COURT WILEY W. MANUEL COURTHOUSE,C,OTHER MOTOR VEHICLE,,0,0,C,DARK-STREET LIGHTS,37.786576,-122.195821,,,,,A,NO PEDESTRIANS INVOLVED,5/14/2022 11:20:00 PM,A,VC 22350,False,2,I-580 E/B,,,6/21/2022 12:00:00 AM,A,E,55.0,MACARTHUR BLVD,F,,D,6/5/2022 11:28:42 AM,6/21/2022 3:01:48 AM,False,True,4,,,,,,,
1788042,9370-2022-01467,1,False,9370,5/22/2022 1:15:00 PM,1315,008,14,109,Oakland,1,True,True,B,SIDE SWIPE,,Sunday,Yes,False,,,False,True,True,ALAMEDA SUPERIOR COURT WILEY W. MANUEL COURTHOUSE,C,OTHER MOTOR VEHICLE,,1,0,A,DAYLIGHT,37.82591,-122.312727,,,,,A,NO PEDESTRIANS INVOLVED,5/22/2022 1:15:00 PM,A,VC 21651(a),False,1,I-80 W/B,,,6/3/2022 12:00:00 AM,A,E,330.0,SFOBB TOLL PLAZA,F,,D,6/3/2022 1:51:36 PM,6/3/2022 1:51:36 PM,False,True,4,,,,,,,
1788023,9370-2022-01469,1,False,9370,5/22/2022 2:40:00 PM,1440,098,14,109,Oakland,1,True,True,B,SIDE SWIPE,,Sunday,NotApplicable,False,,,False,True,False,ALAMEDA SUPERIOR COURT WILEY W. MANUEL COURTHOUSE,C,OTHER MOTOR VEHICLE,,0,0,A,DAYLIGHT,37.81695,-122.26976,,,,,A,NO PEDESTRIANS INVOLVED,5/22/2022 2:40:00 PM,A,VC 21658(A),False,1,I-980 E/B FROM 27TH STREET,,,6/3/2022 12:00:00 AM,A,E,70.0,27TH ST,F,,D,6/3/2022 1:37:54 PM,6/3/2022 1:37:54 PM,False,True,4,,,,,,,
1788011,9370-2022-01477,1,False,9370,5/23/2022 4:22:00 PM,1622,053,14,109,Oakland,1,True,True,C,REAR END,,Monday,NotApplicable,False,,,False,True,True,ALAMEDA SUPERIOR COURT WILEY W. MANUEL COURTHOUSE,C,OTHER MOTOR VEHICLE,,0,0,A,DAYLIGHT,37.779436,-122.170934,,,,,A,NO PEDESTRIANS INVOLVED,5/23/2022 4:22:00 PM,A,VC 22350,False,1,I-580 E/B,,,6/3/2022 12:00:00 AM,A,W,2223.0,EDWARDS AVE,F,,D,6/3/2022 1:28:20 PM,6/3/2022 1:28:20 PM,False,True,4,,,,,,,
1787976,9370-2022-01466,1,False,9370,5/22/2022 8:55:00 AM,855,055,14,109,Oakland,1,True,True,C,REAR END,,Sunday,NotApplicable,False,,,False,True,False,ALAMEDA SUPERIOR COURT WILEY W. MANUEL COURTHOUSE,C,OTHER MOTOR VEHICLE,,0,0,A,DAYLIGHT,37.826794,-122.2851,,,,,A,NO PEDESTRIANS INVOLVED,5/22/2022 8:55:00 AM,A,VC 22350,False,1,I-580 E/B,,,6/3/2022 12:00:00 AM,A,W,170.0,HOLLIS ST,F,,D,6/3/2022 1:06:37 PM,6/3/2022 1:06:37 PM,False,True,4,,,,,,,
1787974,9370-2022-01464,1,False,9370,5/21/2022 11:05:00 PM,2305,177,14,109,Oakland,1,True,True,E,HIT OBJECT,,Saturday,NotApplicable,False,,,False,True,False,ALAMEDA SUPERIOR COURT WILEY W. MANUEL COURTHOUSE,I,FIXED OBJECT,IMPACT ATTENUATOR,0,0,C,DARK-STREET LIGHTS,37.795926,-122.267811,,,,,A,NO PEDESTRIANS INVOLVED,5/21/2022 11:05:00 PM,A,VC 22107,False,1,I-880 N/B TO BROADWAY,,,6/3/2022 12:00:00 AM,A,N,40.0,MADISON ST,F,,D,6/3/2022 1:02:35 PM,6/3/2022 1:02:35 PM,False,True,4,,,,,,,
1787966,9370-2022-01534,1,False,9370,5/21/2022 7:00:00 PM,1900,055,14,109,Oakland,1,True,True,E,HIT OBJECT,,Saturday,NotApplicable,False,,,False,True,False,ALAMEDA SUPERIOR COURT WILEY W. MANUEL COURTHOUSE,J,OTHER OBJECT,BICYCLE,0,0,B,DUSK-DAWN,37.823899,-122.664387,,,,,A,NO PEDESTRIANS INVOLVED,5/21/2022 7:00:00 PM,C,,,,I-580 W/B,,,6/3/2022 12:00:00 AM,A,W,100.0,TELEGRAPH AVENUE,F,,D,6/3/2022 12:51:56 PM,6/3/2022 12:51:56 PM,False,True,4,,,,,,,
1787935,9370-2022-01460,1,False,9370,5/20/2022 6:20:00 PM,1820,025,14,109,Oakland,1,True,True,C,REAR END,,Friday,NotApplicable,False,,,False,True,True,ALAMEDA SUPERIOR COURT WILEY W. MANUEL COURTHOUSE,C,OTHER MOTOR VEHICLE,,0,0,A,DAYLIGHT,37.82317,-122.26454,,,,,A,NO PEDESTRIANS INVOLVED,5/20/2022 6:20:00 PM,A,VC 22350,False,1,SR-24 W/B TO I-580 E/B,,,6/3/2022 12:00:00 AM,A,W,395.0,TELEGRAPH AVENUE,F,,D,6/3/2022 12:25:13 PM,6/3/2022 12:25:13 PM,False,True,4,,,,,,,
1787932,9370-2022-01450,1,False,9370,5/20/2022 10:44:00 AM,1044,024,14,109,Oakland,1,True,True,E,HIT OBJECT,,Friday,NotApplicable,False,,,False,True,False,Alameda Superior Court Wiley W. Manuel Courthouse,I,FIXED OBJECT,METAL GUARDRAIL,0,0,A,DAYLIGHT,37.84989,-122.23143,,,,,A,NO PEDESTRIANS INVOLVED,5/20/2022 10:44:00 AM,A,VC 22107,False,1,SR-24 W/B TO SR-13 S/B,,,6/3/2022 12:00:00 AM,A,N,670.0,SR-24 W/B,F,,D,6/3/2022 12:21:50 PM,6/3/2022 12:21:50 PM,False,True,4,,,,,,,
1787901,9370-2022-01448,1,False,9370,5/20/2022 6:15:00 AM,615,052,14,109,Oakland,1,True,True,E,HIT OBJECT,,Friday,NotApplicable,False,,,False,True,True,ALAMEDA SUPERIOR COURT WILEY W. MANUEL COURTHOUSE,I,FIXED OBJECT,TREE,0,0,A,DAYLIGHT,37.73993,-122.144,,,,,A,NO PEDESTRIANS INVOLVED,5/20/2022 6:15:00 AM,A,VC 22107,False,1,INTERSTATE 580 EASTBOUND,,,6/3/2022 12:00:00 AM,A,W,2230.0,DUTTON AVENUE,F,,A,6/3/2022 11:55:07 AM,6/3/2022 11:55:07 AM,False,True,4,True,,,,,,
1787795,9370-2022-01403,1,False,9370,5/16/2022 3:45:00 PM,1545,176,14,109,Oakland,1,True,True,C,REAR END,,Monday,NotApplicable,False,M,,False,True,False,ALAMEDA SUPERIOR COURT WILEY W. MANUEL COURTHOUSE,C,OTHER MOTOR VEHICLE,,0,0,A,DAYLIGHT,37.740746,-122.197009,,,,,A,NO PEDESTRIANS INVOLVED,5/16/2022 3:45:00 PM,A,VC 22350,False,1,I-880 S/B FROM W/B HEGENBERGER ROAD,,,6/3/2022 12:00:00 AM,A,N,110.0,HEGENBERGER RD OVERCROSSING,F,,A,6/3/2022 10:07:18 AM,6/3/2022 10:07:18 AM,False,True,4,,,,,,,
1787791,9370-2022-01401,1,False,9370,5/16/2022 12:45:00 PM,1245,177,14,109,Oakland,1,True,True,C,REAR END,,Monday,NotApplicable,False,,,False,True,False,ALAMEDA SUPERIOR COURT WILEY W. MANUEL COURTHOUSE,C,OTHER MOTOR VEHICLE,,0,0,A,DAYLIGHT,37.795957,-122.268111,,,,,A,NO PEDESTRIANS INVOLVED,5/16/2022 12:45:00 PM,A,VC 22107,False,1,I-880 N/B,,,6/3/2022 12:00:00 AM,A,S,220.0,JACKSON ST,F,,D,6/3/2022 10:04:46 AM,6/3/2022 10:04:46 AM,False,True,4,,,,,,,
1787753,9370-2022-01381,1,False,9370,5/13/2022 4:40:00 PM,1640,176,14,109,Oakland,1,True,True,C,REAR END,,Friday,NotApplicable,False,M,,False,True,True,ALAMEDA SUPERIOR COURT WILEY W. MANUEL COURTHOUSE,C,OTHER MOTOR VEHICLE,,0,0,A,DAYLIGHT,37.73371,-122.18987,,,,,A,NO PEDESTRIANS INVOLVED,5/13/2022 4:40:00 PM,A,VC 22350,False,1,I-880 N/B FROM 98TH AVENUE,,,6/3/2022 12:00:00 AM,A,N,755.0,98TH AVENUE,F,,A,6/3/2022 9:40:55 AM,6/3/2022 9:40:55 AM,False,True,4,,,,,,,
1787750,9370-2022-01359,1,False,9370,5/12/2022 10:15:00 PM,2215,053,14,109,Oakland,1,True,True,E,HIT OBJECT,,Thursday,Yes,False,,,False,True,False,ALAMEDA SUPERIOR COURT WILEY W. MANUEL COURTHOUSE,I,FIXED OBJECT,CONCRETE MEDIAN WALL,1,0,D,DARK-NO STREET LIGHTS,37.80079,-122.22835,,,,,A,NO PEDESTRIANS INVOLVED,5/12/2022 10:15:00 PM,A,VC 22107,False,1,I-580 E/B,,,6/3/2022 12:00:00 AM,A,E,235.0,BEAUMONT AVE,F,,D,6/3/2022 9:36:26 AM,6/3/2022 9:36:26 AM,False,True,4,,,,,,,
1787728,9370-2022-01352,1,False,9370,5/11/2022 5:25:00 PM,1725,176,14,109,Oakland,1,True,True,C,REAR END,,Wednesday,NotApplicable,False,,,False,True,False,ALAMEDA SUPERIOR COURT WILEY W. MANUEL COURTHOUSE,C,OTHER MOTOR VEHICLE,,0,0,A,DAYLIGHT,37.739174,-122.195049,,,,,A,NO PEDESTRIANS INVOLVED,5/11/2022 5:25:00 PM,A,VC 21658(A),False,1,I-880 N/B,,,6/3/2022 12:00:00 AM,A,N,590.0,HEGENBERGER RD,F,,D,6/3/2022 9:15:22 AM,6/3/2022 9:15:22 AM,False,True,4,,,,,,,
1787679,9365-2022-00836,1,False,9365,5/25/2022 3:35:00 AM,335,904,14,109,Oakland,1,True,True,E,HIT OBJECT,,Wednesday,Yes,False,,,False,True,True,ALAMEDA SUPERIOR COURT ALAMEDA,I,FIXED OBJECT,CONCRETE WALL,0,0,C,DARK-STREET LIGHTS,37.82793,-122.29324,,,,,A,NO PEDESTRIANS INVOLVED,5/25/2022 3:35:00 AM,A,VC 22107,False,1,I-80 WB TO I-880 SB,,,6/3/2022 12:00:00 AM,A,W,1000.0,WEST GRAND AVENUE,F,,D,6/3/2022 8:33:41 AM,6/3/2022 8:33:41 AM,False,True,4,,,,,,,
1787668,9370-2022-01336,1,False,9370,5/10/2022 11:38:00 AM,1138,025,14,109,Oakland,1,True,True,B,SIDE SWIPE,,Tuesday,NotApplicable,False,,,False,True,False,ALAMEDA SUPERIOR COURT WILEY W. MANUEL COURTHOUSE,C,OTHER MOTOR VEHICLE,,0,0,A,DAYLIGHT,37.825836,-122.268156,,,,,A,NO PEDESTRIANS INVOLVED,5/10/2022 11:38:00 AM,A,VC 22350,False,1,SR-24 W/B,,,6/3/2022 12:00:00 AM,A,W,200.0,W MCARTHUR BOULEVARD,F,,D,6/3/2022 8:24:47 AM,6/3/2022 8:24:47 AM,False,True,4,True,,,,,,
1787632,9370-2022-01338,1,False,9370,5/10/2022 11:30:00 AM,1130,024,14,109,Oakland,1,True,True,E,HIT OBJECT,,Tuesday,NotApplicable,False,,,False,True,False,Alameda Superior Court Wiley W. Manuel Courthouse,I,FIXED OBJECT,CONCRETE MEDIAN WALL,1,0,A,DAYLIGHT,37.827133,-122.26799,,,,,A,NO PEDESTRIANS INVOLVED,5/10/2022 11:30:00 AM,A,VC 22107,False,1,SR-24 W/B,,,6/3/2022 12:00:00 AM,A,W,890.0,40TH ST,F,,A,6/3/2022 7:27:18 AM,6/3/2022 7:27:18 AM,False,True,4,,,,,,,
1787613,9370-2022-01292,1,False,9370,5/5/2022 11:50:00 PM,2350,176,14,109,Oakland,1,True,True,B,SIDE SWIPE,,Thursday,NotApplicable,False,M,,False,True,True,ALAMEDA SUPERIOR COURT WILEY W. MANUEL COURTHOUSE,C,OTHER MOTOR VEHICLE,,1,0,C,DARK-STREET LIGHTS,37.74238,-122.19806,,,,,A,NO PEDESTRIANS INVOLVED,5/5/2022 11:50:00 PM,A,VC 21658(A),False,1,I-880 S/B,,,6/3/2022 12:00:00 AM,A,N,382.0,HEGENBERGER ROAD,F,,D,6/3/2022 7:13:16 AM,6/3/2022 7:13:16 AM,False,True,4,,,,,,,
1786866,9335-2022-01005,1,False,9335,5/30/2022 10:00:00 AM,1000,082,14,109,Oakland,1,True,True,E,HIT OBJECT,,Monday,NotApplicable,False,,,False,True,False,ALAMEDA SUPERIOR COURT WILEY W. MANUEL COURTHOUSE,I,FIXED OBJECT,CONCRETE WALL,0,0,A,DAYLIGHT,37.82482,-122.315334,,,,,A,NO PEDESTRIANS INVOLVED,5/30/2022 10:00:00 AM,A,VC 22107,False,1,I-80 W/B,,,6/2/2022 12:00:00 AM,A,W,360.0,TOLL PLAZA,F,,D,6/2/2022 11:03:43 AM,6/2/2022 11:03:43 AM,False,True,4,True,,,,,,
1786800,9370-2022-01388,1,False,9370,5/14/2022 10:15:00 PM,2215,055,14,109,Oakland,1,True,True,E,HIT OBJECT,,Saturday,NotApplicable,True,,,False,True,True,ALAMEDA SUPERIOR COURT WILEY W. MANUEL COURTHOUSE,I,FIXED OBJECT,CONCRETE WALL,0,0,C,DARK-STREET LIGHTS,37.825722,-122.275234,,,,,A,NO PEDESTRIANS INVOLVED,5/14/2022 10:15:00 PM,C,,,,I-580 E/B TO SR-24 E/B,,,6/2/2022 12:00:00 AM,A,E,7.0,MARKET STREET,F,,D,6/2/2022 10:15:07 AM,6/2/2022 10:15:07 AM,False,True,4,,,,,,,
1785779,9335-2022-00965,1,False,9335,5/24/2022 11:02:00 AM,1102,082,14,109,Oakland,1,True,True,C,REAR END,,Tuesday,NotApplicable,False,,,False,True,False,Alameda Superior Court Alameda,C,OTHER MOTOR VEHICLE,,0,0,A,DAYLIGHT,37.821374,-122.33482,,,,,A,NO PEDESTRIANS INVOLVED,5/24/2022 11:02:00 AM,A,VC 22350,False,1,I-80 W/B,,,6/1/2022 12:00:00 AM,A,E,0.8,SAN FRANCISCO COUNTY LINE,M,,D,6/1/2022 9:51:31 AM,6/1/2022 9:51:31 AM,False,True,4,,,,,,,
1785232,9370-2022-01337,1,False,9370,5/10/2022 5:50:00 AM,550,025,14,109,Oakland,1,True,True,C,REAR END,,Tuesday,NotApplicable,False,,,False,True,False,Alameda Superior Court Wiley W. Manuel Courthouse,C,OTHER MOTOR VEHICLE,,0,0,A,DAYLIGHT,37.828043,-122.2679,,,,,A,NO PEDESTRIANS INVOLVED,5/10/2022 5:50:00 AM,A,VC 22350,False,1,SR-24 W/B TO I-580 E/B  AND I-580 W/B,,,5/31/2022 12:00:00 AM,A,W,550.0,40TH ST,F,,D,5/31/2022 1:55:29 PM,5/31/2022 1:55:29 PM,False,True,4,,,,,,,
1785147,9370-2022-01459,1,False,9370,5/20/2022 4:58:00 PM,1658,177,14,109,Oakland,1,True,True,B,SIDE SWIPE,,Friday,NotApplicable,False,M,,False,True,False,ALAMEDA SUPERIOR COURT WILEY W. MANUEL COURTHOUSE,C,OTHER MOTOR VEHICLE,,0,0,A,DAYLIGHT,37.793057,-122.263105,,,,,A,NO PEDESTRIANS INVOLVED,5/20/2022 4:58:00 PM,A,VC 21658(A),True,1,I-880 N/B,,,5/31/2022 12:00:00 AM,A,S,1255.0,OAK ST,F,,D,5/31/2022 12:45:11 PM,5/31/2022 12:45:11 PM,False,True,4,,,,,,,
1785135,9370-2022-01455,1,False,9370,5/20/2022 2:50:00 PM,1450,054,14,109,Oakland,1,True,True,C,REAR END,,Friday,NotApplicable,False,,,False,True,True,ALAMEDA SUPERIOR COURT WILEY W. MANUEL COURTHOUSE,C,OTHER MOTOR VEHICLE,,1,0,A,DAYLIGHT,37.808292,-122.24203,,,,,A,NO PEDESTRIANS INVOLVED,5/20/2022 2:50:00 PM,A,VC 22350,False,1,I-580 E/B,,,5/31/2022 12:00:00 AM,A,W,40.0,LAKE PARK AVENUE OVERCROSSING,F,,D,5/31/2022 12:36:25 PM,5/31/2022 12:36:25 PM,False,True,4,,,,,,,
1785131,9370-2022-01461,1,False,9370,5/20/2022 4:40:00 PM,1640,024,14,109,Oakland,1,True,True,C,REAR END,,Friday,NotApplicable,False,,,False,True,False,ALAMEDA SUPERIOR COURT WILEY W. MANUEL COURTHOUSE,C,OTHER MOTOR VEHICLE,,0,0,A,DAYLIGHT,37.84885,-122.22797,,,,,A,NO PEDESTRIANS INVOLVED,5/20/2022 4:40:00 PM,A,VC 22350,False,1,SR-24 W/B,,,5/31/2022 12:00:00 AM,A,W,60.0,SR-13,F,,D,5/31/2022 12:32:18 PM,5/31/2022 12:32:18 PM,False,True,4,,,,,,,
1785119,9370-2022-01454,1,False,9370,5/20/2022 1:45:00 PM,1345,008,14,109,Oakland,1,True,True,C,REAR END,,Friday,Yes,False,,,False,True,False,ALAMEDA SUPERIOR COURT WILEY W. MANUEL COURTHOUSE,C,OTHER MOTOR VEHICLE,,0,0,A,DAYLIGHT,37.83409,-122.294779,,,,,A,NO PEDESTRIANS INVOLVED,5/20/2022 1:45:00 PM,A,VC 22106,False,1,I-80 E/B,,,5/31/2022 12:00:00 AM,A,W,1500.0,POWELL ST,F,,D,5/31/2022 12:25:48 PM,5/31/2022 12:25:48 PM,False,True,4,,,,,,,
1785102,9370-2022-01449,1,False,9370,5/20/2022 11:45:00 AM,1145,176,14,109,Oakland,1,True,True,C,REAR END,,Friday,NotApplicable,False,,,False,True,False,ALAMEDA SUPERIOR COURT WILEY W. MANUEL COURTHOUSE,C,OTHER MOTOR VEHICLE,,1,0,A,DAYLIGHT,37.765343,-122.217719,,,,,A,NO PEDESTRIANS INVOLVED,5/20/2022 11:45:00 AM,A,VC 22350,False,1,I-880 N/B TO HIGH STREET,,,5/31/2022 12:00:00 AM,A,S,1300.0,HIGH ST,F,,D,5/31/2022 12:17:20 PM,5/31/2022 12:17:20 PM,False,True,4,,,,,,,
1785091,9370-2022-01452,1,False,9370,5/20/2022 11:10:00 AM,1110,176,14,109,Oakland,1,True,True,C,REAR END,,Friday,NotApplicable,False,,,False,True,False,ALAMEDA SUPERIOR COURT WILEY W. MANUEL COURTHOUSE,C,OTHER MOTOR VEHICLE,,0,0,A,DAYLIGHT,37.772829,-122.227088,,,,,A,NO PEDESTRIANS INVOLVED,5/20/2022 11:10:00 AM,A,VC 22350,False,1,I-880 S/B,,,5/31/2022 12:00:00 AM,A,N,2540.0,HIGH ST,F,,D,5/31/2022 12:12:04 PM,5/31/2022 12:12:04 PM,False,True,4,,,,,,,
1785081,9370-2022-01451,1,False,9370,5/20/2022 9:05:00 AM,905,176,14,109,Oakland,1,True,True,C,REAR END,,Friday,NotApplicable,False,M,,False,True,False,ALAMEDA SUPERIOR COURT WILEY W. MANUEL COURTHOUSE,C,OTHER MOTOR VEHICLE,,0,0,A,DAYLIGHT,37.735004,-122.191641,,,,,A,NO PEDESTRIANS INVOLVED,5/20/2022 9:05:00 AM,A,VC 22350,False,1,I-880 S/B,,,5/31/2022 12:00:00 AM,A,N,1440.0,98TH AVENUE,F,,D,5/31/2022 12:02:34 PM,5/31/2022 12:02:34 PM,False,True,4,,,,,,,
1784977,9370-2022-01443,1,False,9370,5/20/2022 2:20:00 AM,220,176,14,109,Oakland,1,True,True,B,SIDE SWIPE,,Friday,Yes,False,M,,False,True,False,ALAMEDA SUPERIOR COURT WILEY W. MANUEL COURTHOUSE,C,OTHER MOTOR VEHICLE,,0,0,D,DARK-NO STREET LIGHTS,37.728758,-122.185841,,,,,A,NO PEDESTRIANS INVOLVED,5/20/2022 2:20:00 AM,A,VC 21658(A),False,1,I-880 N/B,,,5/31/2022 12:00:00 AM,A,S,1280.0,98TH AVENUE,F,,D,5/31/2022 10:55:11 AM,5/31/2022 10:55:11 AM,False,True,4,,,,,,,
1784885,9370-2022-01415,1,False,9370,5/17/2022 11:20:00 PM,2320,176,14,109,Oakland,1,True,True,E,HIT OBJECT,,Tuesday,NotApplicable,False,,,False,True,False,ALAMEDA SUPERIOR COURT WILEY W. MANUEL COURTHOUSE,I,FIXED OBJECT,CONCRETE WALL,0,0,C,DARK-STREET LIGHTS,37.747186,-122.202181,,,,,A,NO PEDESTRIANS INVOLVED,5/17/2022 11:20:00 PM,A,VC 22107,False,1,I-880 S/B,,,5/31/2022 12:00:00 AM,A,N,0.5,HEGENBERGER ROAD OVERCROSSING,M,,D,5/31/2022 10:03:35 AM,5/31/2022 10:03:35 AM,False,True,4,,,,,,,
1784746,9370-2022-01390,1,False,9370,5/14/2022 11:35:00 PM,2335,052,14,109,Oakland,1,True,True,B,SIDE SWIPE,,Saturday,NotApplicable,False,M,,False,True,False,ALAMEDA SUPERIOR COURT WILEY W. MANUEL COURTHOUSE,C,OTHER MOTOR VEHICLE,,0,0,C,DARK-STREET LIGHTS,37.778513,-122.16877,,,,,A,NO PEDESTRIANS INVOLVED,5/14/2022 11:35:00 PM,A,VC 21658(A),False,2,I-580 W/B,,,5/31/2022 12:00:00 AM,A,E,1500.0,SEMINARY AVE,F,,D,5/31/2022 8:39:09 AM,5/31/2022 8:39:09 AM,False,True,4,,,,,,,
1784698,9370-2022-01382,1,False,9370,5/14/2022 2:52:00 AM,252,055,14,109,Oakland,1,True,True,E,HIT OBJECT,,Saturday,Yes,False,,,False,True,True,ALAMEDA SUPERIOR COURT WILEY W. MANUEL COURTHOUSE,I,FIXED OBJECT,RAISED CURB EDGE,1,0,D,DARK-NO STREET LIGHTS,37.828113,-122.293522,,,,,A,NO PEDESTRIANS INVOLVED,5/14/2022 2:52:00 AM,A,VC 22350,False,1,I-580 W/B,,,5/31/2022 12:00:00 AM,A,W,1160.0,MANDELA PAKWAY,F,,D,5/31/2022 8:14:58 AM,5/31/2022 8:14:58 AM,False,True,4,,,,,,,