collision-id,report-number,report-version,is-preliminary,ncic-code,crash-date-time,crash-time-description,beat,city-id,city-code,city-name,county-code,city-is-active,city-is-incorporated,collision-type-code,collision-type-description,collision-type-other-desc,day-of-week,dispatch-notified,has-photographs,hit-run,is-attachments-mailed,is-deleted,is-highway-related,is-tow-away,judicial-district,motor-vehicle-involved-with-code,motor-vehicle-involved-with-desc,motor-vehicle-involved-with-other-desc,number-injured,number-killed,lighting-code,lighting-description,latitude,longitude,milepost-direction,milepost-distance,milepost-marker,milepost-unit-of-measure,pedestrian-action-code,pedestrian-action-desc,prepared-date,primary-collision-factor-code,primary-collision-factor-description,primary-collision-factor-is-cited,primary-collision-party-number,primary-road,reporting-district,reporting-district-code,reviewed-date,roadway-surface-code,secondary-direction,secondary-distance,secondary-road,secondary-unit-of-measure,sketch-desc,traffic-control-device-code,created-date,modified-date,is-county-road,is-freeway,chp-555-version,is-additonal-object-struck,notification-date,notification-time-description,has-digital-media-files,evidence-number,is-location-refer-to-narrative,is-aoi-one-same-as-location
1779336,9370-2022-01265,1,False,9370,5/3/2022 2:00:00 PM,1400,901,14,109,Oakland,1,True,True,C,REAR END,,Tuesday,Yes,False,,,False,False,False,ALAMEDA SUPERIOR COURT WILEY W. MANUEL COURTHOUSE,C,OTHER MOTOR VEHICLE,,0,0,A,DAYLIGHT,37.765315,-122.172335,,,,,A,NO PEDESTRIANS INVOLVED,5/3/2022 2:00:00 PM,B,UNSAFE OPERATION,,1,77TH AVE (2600 BLOCK) WESTBOUND,,,5/24/2022 12:00:00 AM,A,E,350.0,GARFIELD AVE,F,,D,5/24/2022 1:42:59 PM,5/24/2022 1:42:59 PM,True,False,4,,,,,,,
1779275,9370-2022-01209,1,False,9370,4/28/2022 2:55:00 PM,1455,052,14,109,Oakland,1,True,True,C,REAR END,,Thursday,No,False,,,False,True,False,ALAMEDA SUPERIOR COURT WILEY W. MANUEL COURTHOUSE,C,OTHER MOTOR VEHICLE,,0,0,A,DAYLIGHT,37.755403,-122.150059,,,,,A,NO PEDESTRIANS INVOLVED,4/28/2022 2:55:00 PM,A,VC 22350,False,1,I-580 E/B TO GOLF LINKS ROAD,,,5/24/2022 12:00:00 AM,A,W,720.0,GOLF LINKS ROAD,F,,D,5/24/2022 1:06:17 PM,5/24/2022 1:06:17 PM,False,True,4,,,,,,,
1779251,9370-2022-01184,1,False,9370,4/25/2022 5:30:00 PM,1730,053,14,109,Oakland,1,True,True,C,REAR END,,Monday,No,False,M,,False,True,False,ALAMEDA SUPERIOR COURT WILEY W. MANUEL COURTHOUSE,C,OTHER MOTOR VEHICLE,,0,0,A,DAYLIGHT,37.799237,-122.221567,,,,,A,NO PEDESTRIANS INVOLVED,4/25/2022 5:30:00 PM,A,VC 22350,False,1,I-580 E/B,,,5/24/2022 12:00:00 AM,A,W,135.0,SHEFFIELD AVE,F,,D,5/24/2022 12:52:39 PM,5/24/2022 12:52:39 PM,False,True,4,,,,,,,
1779237,9370-2022-01404,1,False,9370,5/16/2022 3:50:00 PM,1550,176,14,109,Oakland,1,True,True,C,REAR END,,Monday,NotApplicable,False,,,False,True,False,ALAMEDA SUPERIOR COURT WILEY W. MANUEL COURTHOUSE,C,OTHER MOTOR VEHICLE,,0,0,A,DAYLIGHT,37.727754,-122.184918,,,,,A,NO PEDESTRIANS INVOLVED,5/16/2022 3:50:00 PM,A,VC 22350,False,1,I-880 N/B,,,5/24/2022 12:00:00 AM,A,S,1740.0,98TH AVENUE,F,,D,5/24/2022 12:43:02 PM,5/24/2022 12:43:02 PM,False,True,4,,,,,,,
1779196,9370-2022-01398,1,False,9370,5/15/2022 4:55:00 PM,1655,052,14,109,Oakland,1,True,True,C,REAR END,,Sunday,Yes,False,F,,False,True,False,ALAMEDA SUPERIOR COURT WILEY W. MANUEL COURTHOUSE,E,PARKED MOTOR VEHICLE,,3,0,A,DAYLIGHT,37.788986,-122.200418,,,,,A,NO PEDESTRIANS INVOLVED,5/15/2022 4:55:00 PM,A,VC 22107,False,1,I-580 E/B,,,5/24/2022 12:00:00 AM,A,W,1455.0,HIGH STREET,F,,D,5/24/2022 12:16:58 PM,5/24/2022 12:16:58 PM,False,True,4,,,,,,,
1778183,9370-2022-01132,1,False,9370,4/21/2022 11:54:00 PM,2354,052,14,109,Oakland,1,True,True,F,OVERTURNED,,Thursday,NotApplicable,False,,,False,True,True,ALAMEDA SUPERIOR COURT WILEY W. MANUEL COURTHOUSE,A,NON-COLLISION,ROADWAY,0,0,D,DARK-NO STREET LIGHTS,37.77786,-122.16711,,,,,A,NO PEDESTRIANS INVOLVED,4/21/2022 11:54:00 PM,A,VC 22107,False,1,I-580 W/B,,,5/23/2022 12:00:00 AM,A,W,990.0,EDWARDS AVE,F,,D,5/23/2022 1:23:09 PM,5/23/2022 1:23:09 PM,False,True,4,,,,,,,
1778100,9370-2022-01397,1,False,9370,5/15/2022 9:05:00 PM,2105,055,14,109,Oakland,1,True,True,C,REAR END,,Sunday,NotApplicable,False,,,False,True,True,Alameda Superior Court Wiley W. Manuel Courthouse,C,OTHER MOTOR VEHICLE,,0,0,D,DARK-NO STREET LIGHTS,37.81688,-122.25223,,,,,A,NO PEDESTRIANS INVOLVED,5/15/2022 9:05:00 PM,A,VC 22350,False,1,I-580 E/B FROM MACARTHUR BOULEVARD,,,5/23/2022 12:00:00 AM,A,W,225.0,CHETWOOD STREET,F,,D,5/23/2022 12:30:25 PM,5/23/2022 12:30:25 PM,False,True,4,,,,,,,
1778092,9370-2022-01215,1,False,9370,4/28/2022 7:50:00 PM,1950,025,14,109,Oakland,1,True,True,B,SIDE SWIPE,,Thursday,NotApplicable,False,,,False,True,False,ALAMEDA SUPERIOR COURT WILEY W. MANUEL COURTHOUSE,C,OTHER MOTOR VEHICLE,,0,0,A,DAYLIGHT,37.757717,-122.148077,,,,,A,NO PEDESTRIANS INVOLVED,4/28/2022 7:50:00 PM,A,VC 21658(A),False,,I-580 E/B,,,5/23/2022 12:00:00 AM,A,W,1325.0,GOLF LINKS RD,F,,D,5/23/2022 12:24:14 PM,5/23/2022 12:24:14 PM,False,True,4,,,,,,,
1778073,9370-2022-01393,1,False,9370,5/14/2022 5:46:00 PM,1746,024,14,109,Oakland,1,True,True,C,REAR END,,Saturday,NotApplicable,False,,,False,True,False,ALAMEDA SUPERIOR COURT WILEY W. MANUEL COURTHOUSE,C,OTHER MOTOR VEHICLE,,1,0,A,DAYLIGHT,37.849454,-122.231895,,,,,A,NO PEDESTRIANS INVOLVED,5/14/2022 5:46:00 PM,A,VC 22350,False,2,SR-24 W/B TO SR-13 S/B,,,5/23/2022 12:00:00 AM,A,W,418.0,SR-13,F,,D,5/23/2022 12:15:39 PM,5/23/2022 12:15:39 PM,False,True,4,,,,,,,
1778062,9370-2022-01396,1,False,9370,5/14/2022 1:50:00 PM,1350,176,14,109,Oakland,1,True,True,C,REAR END,,Saturday,Yes,False,,,False,True,False,ALAMEDA SUPERIOR COURT WILEY W. MANUEL COURTHOUSE,C,OTHER MOTOR VEHICLE,,1,0,A,DAYLIGHT,37.772526,-122.225991,,,,,A,NO PEDESTRIANS INVOLVED,5/14/2022 1:50:00 PM,A,VC 22350,False,1,I-880 S/B,,,5/23/2022 12:00:00 AM,A,N,1730.0,42ND AVE,F,,D,5/23/2022 12:05:39 PM,5/23/2022 12:05:39 PM,False,True,4,,,,,,,
1778054,9370-2022-01211,1,False,9370,4/28/2022 4:15:00 PM,1615,054,14,109,Oakland,1,True,True,C,REAR END,,Thursday,NotApplicable,False,,,False,True,False,Alameda Superior Court Wiley W. Manuel Courthouse,C,OTHER MOTOR VEHICLE,,1,0,A,DAYLIGHT,37.810307,-122.247885,,,,,A,NO PEDESTRIANS INVOLVED,4/28/2022 4:15:00 PM,A,VC 22350,False,1,I-580 W/B,,,5/23/2022 12:00:00 AM,A,E,155.0,GRAND AVE,F,,D,5/23/2022 12:01:25 PM,5/23/2022 12:01:25 PM,False,True,4,,,,,,,
1799304,9370-2022-01470,1,False,9370,5/22/2022 4:52:00 PM,1652,055,14,109,Oakland,1,True,True,C,REAR END,,Sunday,NotApplicable,False,,,False,True,False,ALAMEDA SUPERIOR COURT WILEY W. MANUEL COURTHOUSE,C,OTHER MOTOR VEHICLE,,0,0,A,DAYLIGHT,37.826801,-122.286792,,,,,A,NO PEDESTRIANS INVOLVED,5/22/2022 4:52:00 PM,A,VC 22350,False,1,I-580 W/B,,,6/21/2022 12:00:00 AM,A,E,657.0,MANDELA PKY,F,,D,6/21/2022 1:53:22 AM,6/21/2022 1:53:22 AM,False,True,4,,,,,,,
1799291,9370-2022-01507,1,False,9370,5/27/2022 2:56:00 AM,256,054,14,109,Oakland,1,True,True,E,HIT OBJECT,,Friday,NotApplicable,False,M,,False,True,False,ALAMEDA SUPERIOR COURT WILEY W. MANUEL COURTHOUSE,I,FIXED OBJECT,SIGN POST,0,0,D,DARK-NO STREET LIGHTS,37.811848,-122.250458,,,,,A,NO PEDESTRIANS INVOLVED,5/27/2022 2:56:00 AM,A,VC 22107,False,1,I-580 E/B,,,6/20/2022 12:00:00 AM,A,W,1456.0,GRAND AVE,F,,D,6/20/2022 11:32:27 PM,6/20/2022 11:32:27 PM,False,True,4,,,,,,,
1799290,9370-2022-01581,1,False,9370,5/30/2022 5:20:00 PM,1720,098,14,109,Oakland,1,True,True,E,HIT OBJECT,,Monday,NotApplicable,False,,,False,True,False,ALAMEDA SUPERIOR COURT WILEY W. MANUEL COURTHOUSE,J,OTHER OBJECT,DESK,0,0,A,DAYLIGHT,37.812183,-122.274069,,,,,A,NO PEDESTRIANS INVOLVED,5/30/2022 5:20:00 PM,A,VC 23114(A),False,2,I-980 W/B,,,6/20/2022 12:00:00 AM,A,E,400.0,11TH ST,F,,D,6/20/2022 11:26:29 PM,6/20/2022 11:26:29 PM,False,True,4,,,,,,,
1799289,9370-2022-01504,1,False,9370,5/26/2022 3:05:00 PM,1505,055,14,109,Oakland,1,True,True,C,REAR END,,Thursday,NotApplicable,False,F,,False,True,False,ALAMEDA SUPERIOR COURT WILEY W. MANUEL COURTHOUSE,C,OTHER MOTOR VEHICLE,,1,0,A,DAYLIGHT,37.821951,-122.258644,,,,,A,NO PEDESTRIANS INVOLVED,5/26/2022 3:05:00 PM,A,VC 22350,False,1,I-580 W/B,,,6/20/2022 12:00:00 AM,A,E,350.0,BROADWAY,F,,D,6/20/2022 11:21:12 PM,6/20/2022 11:21:12 PM,False,True,4,,,,,,,
1799287,9370-2022-01453,1,False,9370,5/20/2022 5:50:00 PM,1750,177,14,109,Oakland,1,True,True,C,REAR END,,Friday,NotApplicable,False,M,,False,True,False,ALAMEDA SUPERIOR COURT WILEY W. MANUEL COURTHOUSE,C,OTHER MOTOR VEHICLE,,0,0,A,DAYLIGHT,37.795186,-122.266586,,,,,A,NO PEDESTRIANS INVOLVED,5/20/2022 5:50:00 PM,A,VC 22350,False,1,I-880 S/B,,,6/20/2022 12:00:00 AM,A,N,100.0,OAK ST,F,,D,6/20/2022 10:30:40 PM,6/20/2022 10:30:40 PM,False,True,4,,,,,,,
1799286,9370-2022-01274,1,False,9370,5/1/2022 2:41:00 AM,241,177,14,109,Oakland,1,True,True,C,REAR END,,Sunday,NotApplicable,False,M,,False,True,False,ALAMEDA SUPERIOR COURT WILEY W. MANUEL COURTHOUSE,C,OTHER MOTOR VEHICLE,,0,0,D,DARK-NO STREET LIGHTS,37.786651,-122.246036,,,,,A,NO PEDESTRIANS INVOLVED,5/1/2022 2:41:00 AM,A,VC 22350,False,1,I-880 N/B,,,6/20/2022 12:00:00 AM,A,N,450.0,16TH AVE,F,,D,6/20/2022 10:27:21 PM,6/20/2022 10:27:21 PM,False,True,4,,,,,,,
1799022,9370-2022-01633,1,False,9370,6/8/2022 8:30:00 AM,830,024,14,109,Oakland,1,True,True,B,SIDE SWIPE,,Wednesday,Yes,False,M,,False,False,False,ALAMEDA SUPERIOR COURT WILEY W. MANUEL COURTHOUSE,E,PARKED MOTOR VEHICLE,,0,0,A,DAYLIGHT,37.825472,-122.208042,,,,,A,NO PEDESTRIANS INVOLVED,6/8/2022 8:30:00 AM,A,VC 22107,False,1,MERCED AVE (6200 BLOCK),,,6/20/2022 12:00:00 AM,A,W,70.0,LUCAS AVE,F,,D,6/20/2022 1:10:21 PM,6/20/2022 1:10:21 PM,True,False,4,,,,,,,
1798990,9375-2022-00773,1,False,9370,6/15/2022 5:08:00 PM,1708,052,14,109,Oakland,1,True,True,B,SIDE SWIPE,,Wednesday,NotApplicable,False,M,,False,True,False,ALAMEDA SUPERIOR COURT WILEY W. MANUEL COURTHOUSE,C,OTHER MOTOR VEHICLE,,0,0,A,DAYLIGHT,37.75904,-122.14801,,,,,A,NO PEDESTRIANS INVOLVED,6/15/2022 5:08:00 PM,A,VC 21658(A),False,1,I-580 E/B,,,6/20/2022 12:00:00 AM,A,W,50.0,TWIN OAKS WAY,F,,D,6/20/2022 12:47:09 PM,6/20/2022 12:47:09 PM,False,True,4,,,,,,,
1798813,9370-2022-01489,1,False,9370,5/25/2022 3:47:00 AM,347,008,14,109,Oakland,1,True,True,E,HIT OBJECT,,Wednesday,NotApplicable,False,,,False,True,True,Alameda Superior Court Wiley W. Manuel Courthouse,I,FIXED OBJECT,CONCRETE BARRIER WALL,0,0,D,DARK-NO STREET LIGHTS,37.824022,-122.30822,,,,,A,NO PEDESTRIANS INVOLVED,5/25/2022 3:47:00 AM,A,VC 22107,False,1,I-80 W/B TO MARITIME ST,,,6/20/2022 12:00:00 AM,A,E,2400.0,MARITIME ST,F,,D,6/20/2022 10:45:18 AM,6/20/2022 10:45:18 AM,False,True,4,,,,,,,
1798349,9370-2022-01462,1,False,9370,5/20/2022 8:10:00 PM,2010,024,14,109,Oakland,1,True,True,C,REAR END,,Friday,Yes,False,,,False,True,True,ALAMEDA SUPERIOR COURT WILEY W. MANUEL COURTHOUSE,C,OTHER MOTOR VEHICLE,,0,0,C,DARK-STREET LIGHTS,37.85675,-122.21297,,,,,A,NO PEDESTRIANS INVOLVED,5/20/2022 8:10:00 PM,A,VC 23152(A),True,1,SR-24 E/B,,,6/19/2022 12:00:00 AM,A,E,1320.0,WEST EDGE CALDECOTT TUNNEL,F,,D,6/19/2022 11:14:16 AM,6/19/2022 11:14:16 AM,False,False,4,,,,,,,
1798342,9370-2022-01639,1,False,9370,6/9/2022 4:20:00 PM,1620,008,14,109,Oakland,1,True,True,B,SIDE SWIPE,,Thursday,Yes,False,M,,False,True,False,ALAMEDA SUPERIOR COURT WILEY W. MANUEL COURTHOUSE,C,OTHER MOTOR VEHICLE,,0,0,A,DAYLIGHT,37.82549,-122.305173,,,,,A,NO PEDESTRIANS INVOLVED,6/9/2022 4:20:00 PM,A,VC 21658(A),False,1,I-80 W/B,,,6/19/2022 12:00:00 AM,A,E,200.0,I-880 N/B TO I-80 W/B,F,,D,6/19/2022 9:19:40 AM,6/19/2022 9:19:40 AM,False,True,4,,,,,,,
1798338,9370-2022-01631,1,False,9370,6/8/2022 3:48:00 PM,1548,052,14,109,Oakland,1,True,True,E,HIT OBJECT,,Wednesday,NotApplicable,False,,,False,True,False,ALAMEDA SUPERIOR COURT WILEY W. MANUEL COURTHOUSE,J,OTHER OBJECT,PLYWOOD,0,0,A,DAYLIGHT,37.778841,-122.169577,,,,,A,NO PEDESTRIANS INVOLVED,6/8/2022 3:48:00 PM,C,,,,I-580 W/B,,,6/19/2022 12:00:00 AM,A,E,1300.0,SEMINARY AVE,F,,D,6/19/2022 8:40:19 AM,6/19/2022 8:40:19 AM,False,True,4,True,,,,,,
1798336,9370-2022-01632,1,False,9370,6/8/2022 5:30:00 PM,1730,008,14,109,Oakland,1,True,True,C,REAR END,,Wednesday,Yes,False,,,False,True,False,ALAMEDA SUPERIOR COURT WILEY W. MANUEL COURTHOUSE,C,OTHER MOTOR VEHICLE,,1,0,A,DAYLIGHT,37.826568,-122.298433,,,,,A,NO PEDESTRIANS INVOLVED,6/8/2022 5:30:00 PM,A,VC 22350,False,1,I-80 E/B,,,6/19/2022 12:00:00 AM,A,E,2000.0,I-880 N/B TO I-80 W/B,F,,D,6/19/2022 8:30:16 AM,6/19/2022 8:30:16 AM,False,True,4,,,,,,,
1798328,9370-2022-01635,1,False,9370,6/8/2022 10:56:00 PM,2256,055,14,109,Oakland,1,True,True,D,BROADSIDE,,Wednesday,NotApplicable,False,,,False,True,False,ALAMEDA SUPERIOR COURT WILEY W. MANUEL COURTHOUSE,C,OTHER MOTOR VEHICLE,,0,0,C,DARK-STREET LIGHTS,37.82463,-122.27116,,,,,A,NO PEDESTRIANS INVOLVED,6/8/2022 10:56:00 PM,A,VC 21658(A),False,1,I-580 E/B TO SR-24 E/B,,,6/19/2022 12:00:00 AM,A,E,500.0,MARKET ST,F,,D,6/19/2022 7:50:48 AM,6/19/2022 7:50:48 AM,False,True,4,,,,,,,
1798327,9370-2022-01446,1,False,9370,5/19/2022 11:00:00 PM,2300,176,14,109,Oakland,1,True,True,C,REAR END,,Thursday,Yes,False,,,False,True,True,ALAMEDA SUPERIOR COURT WILEY W. MANUEL COURTHOUSE,C,OTHER MOTOR VEHICLE,,2,0,D,DARK-NO STREET LIGHTS,37.762744,-122.215684,,,,,A,NO PEDESTRIANS INVOLVED,5/19/2022 11:00:00 PM,A,VC 22350,False,2,I-880 N/B,,,6/19/2022 12:00:00 AM,A,S,2390.0,HIGH STREET,F,,D,6/19/2022 7:30:18 AM,6/19/2022 7:30:18 AM,False,True,4,,,,,,,
1798326,9370-2022-01428,1,False,9370,5/18/2022 11:20:00 PM,2320,177,14,109,Oakland,1,True,True,C,REAR END,,Wednesday,NotApplicable,False,M,,False,True,True,ALAMEDA SUPERIOR COURT WILEY W. MANUEL COURTHOUSE,C,OTHER MOTOR VEHICLE,,0,0,D,DARK-NO STREET LIGHTS,37.788805,-122.251689,,,,,A,NO PEDESTRIANS INVOLVED,5/18/2022 11:20:00 PM,A,VC 22350,False,1,I-880 N/B,,,6/19/2022 12:00:00 AM,A,S,2300.0,5TH AVE,F,,D,6/19/2022 7:21:16 AM,6/19/2022 7:21:16 AM,False,True,4,False,,,,,,
1798324,9370-2022-01400,1,False,9370,5/16/2022 5:14:00 AM,514,055,14,109,Oakland,1,True,True,E,HIT OBJECT,,Monday,NotApplicable,False,,,False,True,True,ALAMEDA SUPERIOR COURT WILEY W. MANUEL COURTHOUSE,I,FIXED OBJECT,CONCRETE MEDIAN WALL,0,0,B,DUSK-DAWN,37.80888,-122.24328,,,,,A,NO PEDESTRIANS INVOLVED,5/16/2022 5:14:00 AM,A,VC 22107,False,1,I-580 W/B,,,6/19/2022 12:00:00 AM,A,W,350.0,LAKE PARK AVE,F,,D,6/19/2022 7:14:32 AM,6/19/2022 7:14:32 AM,False,True,4,,,,,,,
1798323,9370-2022-01203,1,False,9370,4/27/2022 2:42:00 PM,1442,052,14,109,Oakland,1,True,True,C,REAR END,,Wednesday,NotApplicable,False,F,,False,True,False,Alameda Superior Court Wiley W. Manuel Courthouse,C,OTHER MOTOR VEHICLE,,1,0,A,DAYLIGHT,37.746468,-122.149816,,,,,A,NO PEDESTRIANS INVOLVED,4/27/2022 2:42:00 PM,A,VC 22350,False,1,I-580 E/B,,,6/19/2022 12:00:00 AM,A,W,550.0,106TH AVENUE,F,,D,6/19/2022 7:10:01 AM,6/19/2022 7:10:01 AM,False,True,4,,,,,,,
1797533,9345-2022-01101,1,False,9345,6/1/2022 12:50:00 PM,1250,904,14,109,Oakland,1,True,True,F,OVERTURNED,,Wednesday,Yes,False,,,False,True,False,ALAMEDA SUPERIOR COURT WILEY W. MANUEL COURTHOUSE,A,NON-COLLISION,,1,0,A,DAYLIGHT,37.79583,-122.26823,,,,,A,NO PEDESTRIANS INVOLVED,6/1/2022 12:50:00 PM,A,VC 21658(A),False,1,I-880 S/B,,,6/17/2022 12:00:00 AM,A,N,326.0,MADISON STREET,F,,D,6/17/2022 8:59:42 AM,6/17/2022 8:59:42 AM,False,True,4,,,,,,,
1796761,9370-2022-01600,1,False,9370,6/5/2022 7:18:00 PM,1918,055,14,109,Oakland,1,True,True,B,SIDE SWIPE,,Sunday,NotApplicable,False,M,,False,True,True,Alameda Superior Court Wiley W. Manuel Courthouse,C,OTHER MOTOR VEHICLE,,0,0,A,DAYLIGHT,37.822165,-122.26241,,,,,A,NO PEDESTRIANS INVOLVED,6/5/2022 7:18:00 PM,A,VC 22107,False,1,I-580 W/B,,,6/16/2022 12:00:00 AM,A,W,75.0,WEBSTER ST,F,,D,6/16/2022 11:57:21 AM,6/16/2022 11:57:21 AM,False,True,4,,,,,,,
1796726,9370-2022-01592,1,False,9370,6/5/2022 10:30:00 AM,1030,177,14,109,Oakland,1,True,True,E,HIT OBJECT,,Sunday,Yes,False,,,False,True,True,ALAMEDA SUPERIOR COURT WILEY W. MANUEL COURTHOUSE,I,FIXED OBJECT,CONCRETE BARRIER WALL,1,0,A,DAYLIGHT,37.801428,-122.281699,,,,,A,NO PEDESTRIANS INVOLVED,6/5/2022 10:30:00 AM,A,VC 22350,False,1,I-880 NB TO MARKET STREET,,,6/16/2022 12:00:00 AM,B,S,350.0,MARKET STREET,F,,D,6/16/2022 11:18:04 AM,6/16/2022 11:18:04 AM,False,True,4,,,,,,,
1796626,9370-2022-01589,1,False,9370,6/5/2022 8:43:00 AM,843,098,14,109,Oakland,1,True,True,E,HIT OBJECT,,Sunday,NotApplicable,False,,,False,True,False,ALAMEDA SUPERIOR COURT WILEY W. MANUEL COURTHOUSE,I,FIXED OBJECT,CONCRETE BARRIER WALL,0,0,A,DAYLIGHT,37.800813,-122.27953,,,,,A,NO PEDESTRIANS INVOLVED,6/5/2022 8:43:00 AM,A,VC 22107,False,1,I-980 E/B,,,6/16/2022 12:00:00 AM,B,N,25.0,MARTIN LUTHER KING JR WAY,F,,D,6/16/2022 10:05:56 AM,6/16/2022 10:05:56 AM,False,True,4,,,,,,,
1796611,9370-2022-01640,1,False,9370,6/9/2022 5:15:00 PM,1715,052,14,109,Oakland,1,True,True,B,SIDE SWIPE,,Thursday,NotApplicable,False,,,False,True,False,ALAMEDA SUPERIOR COURT WILEY W. MANUEL COURTHOUSE,C,OTHER MOTOR VEHICLE,,0,0,A,DAYLIGHT,37.767891,-122.153168,,,,,A,NO PEDESTRIANS INVOLVED,6/9/2022 5:15:00 PM,A,VC 22350,False,2,I-580 W/B,,,6/16/2022 12:00:00 AM,A,E,1790.0,KELLER AVE.,F,,D,6/16/2022 9:53:21 AM,6/16/2022 9:53:21 AM,False,True,4,,,,,,,
1796557,9370-2022-01601,1,False,9370,6/5/2022 9:25:00 AM,925,055,14,109,Oakland,1,True,True,C,REAR END,,Sunday,NotApplicable,False,,,False,True,False,ALAMEDA SUPERIOR COURT WILEY W. MANUEL COURTHOUSE,C,OTHER MOTOR VEHICLE,,0,0,A,DAYLIGHT,37.827091,-122.28572,,,,,A,NO PEDESTRIANS INVOLVED,6/5/2022 9:25:00 AM,A,VC 22350,False,1,I-580 W/B,,,6/16/2022 12:00:00 AM,A,W,315.0,HOLLIS ST,F,,D,6/16/2022 9:12:34 AM,6/16/2022 9:12:34 AM,False,True,4,,,,,,,
1796493,9370-2022-01582,1,False,9370,6/4/2022 9:50:00 PM,2150,176,14,109,Oakland,1,True,True,B,SIDE SWIPE,,Saturday,NotApplicable,False,M,,False,True,False,ALAMEDA SUPERIOR COURT WILEY W. MANUEL COURTHOUSE,C,OTHER MOTOR VEHICLE,,0,0,C,DARK-STREET LIGHTS,37.763636,-122.216398,,,,,A,NO PEDESTRIANS INVOLVED,6/4/2022 9:50:00 PM,A,VC 21658(a),False,1,I-880 N/B,,,6/16/2022 12:00:00 AM,A,S,1900.0,HIGH STREET,F,,D,6/16/2022 8:12:41 AM,6/16/2022 8:12:41 AM,False,True,4,,,,,,,
1796477,9370-2022-01584,1,False,9370,6/4/2022 9:45:00 PM,2145,176,14,109,Oakland,1,True,True,E,HIT OBJECT,,Saturday,NotApplicable,False,,,False,True,False,ALAMEDA SUPERIOR COURT WILEY W. MANUEL COURTHOUSE,J,OTHER OBJECT,BUMPER,0,0,D,DARK-NO STREET LIGHTS,37.763007,-122.215852,,,,,A,NO PEDESTRIANS INVOLVED,6/4/2022 9:45:00 PM,C,,,,I-880 N/B,,,6/16/2022 12:00:00 AM,A,S,2305.0,HIGH ST,F,,D,6/16/2022 7:59:07 AM,6/16/2022 7:59:07 AM,False,True,4,,,,,,,
1796445,9370-2022-01328,1,False,9370,5/9/2022 10:55:00 AM,1055,024,14,109,Oakland,1,True,True,F,OVERTURNED,,Monday,NotApplicable,False,,,False,True,False,ALAMEDA SUPERIOR COURT WILEY W. MANUEL COURTHOUSE,A,NON-COLLISION,,1,0,A,DAYLIGHT,37.849057,-122.235907,,,,,A,NO PEDESTRIANS INVOLVED,5/9/2022 10:55:00 AM,A,VC 22107,False,1,SR-24 W/B,,,6/16/2022 12:00:00 AM,A,W,2000.0,SR-13 S/B,F,,D,6/16/2022 7:21:01 AM,6/16/2022 7:21:01 AM,False,True,4,,,,,,,
1795884,9335-2022-01080,1,False,9335,6/10/2022 10:10:00 AM,1010,082,14,109,Oakland,1,True,True,B,SIDE SWIPE,,Friday,NotApplicable,False,,,False,True,True,ALAMEDA SUPERIOR COURT WILEY W. MANUEL COURTHOUSE,C,OTHER MOTOR VEHICLE,,1,0,A,DAYLIGHT,37.823233,-122.319873,,,,,A,NO PEDESTRIANS INVOLVED,6/10/2022 10:10:00 AM,A,VC 21658(A),False,1,I-80 W/B,,,6/15/2022 12:00:00 AM,A,W,780.0,SFOBB METERING LIGHTS WEST EDGE,F,,D,6/15/2022 11:07:57 AM,6/15/2022 11:07:57 AM,False,True,4,,,,,,,
1795761,9370-2022-01573,1,False,9370,6/4/2022 5:40:00 AM,540,052,14,109,Oakland,1,True,True,C,REAR END,,Saturday,NotApplicable,False,M,,False,True,False,ALAMEDA SUPERIOR COURT WILEY W. MANUEL COURTHOUSE,C,OTHER MOTOR VEHICLE,,0,0,B,DUSK-DAWN,37.779386,-122.170172,,,,,A,NO PEDESTRIANS INVOLVED,6/4/2022 5:40:00 AM,A,VC 22350,False,1,I-580 W/B,,,6/15/2022 12:00:00 AM,A,E,1150.0,KUHNLE AVE,F,,D,6/15/2022 9:13:31 AM,6/15/2022 9:13:31 AM,False,True,4,,,,,,,
1795751,9370-2022-01572,1,False,9370,6/3/2022 10:17:00 PM,2217,178,14,109,Oakland,1,True,True,B,SIDE SWIPE,,Friday,NotApplicable,False,M,,False,True,False,Alameda Superior Court Wiley W. Manuel Courthouse,C,OTHER MOTOR VEHICLE,,0,0,D,DARK-NO STREET LIGHTS,37.814121,-122.300953,,,,,A,NO PEDESTRIANS INVOLVED,6/3/2022 10:17:00 PM,A,VC 21658(A),False,1,I-880 N/B,,,6/15/2022 12:00:00 AM,A,N,2565.0,7TH ST,F,,D,6/15/2022 9:03:10 AM,6/15/2022 9:03:10 AM,False,True,4,,,,,,,