collision-id,report-number,report-version,is-preliminary,ncic-code,crash-date-time,crash-time-description,beat,city-id,city-code,city-name,county-code,city-is-active,city-is-incorporated,collision-type-code,collision-type-description,collision-type-other-desc,day-of-week,dispatch-notified,has-photographs,hit-run,is-attachments-mailed,is-deleted,is-highway-related,is-tow-away,judicial-district,motor-vehicle-involved-with-code,motor-vehicle-involved-with-desc,motor-vehicle-involved-with-other-desc,number-injured,number-killed,lighting-code,lighting-description,latitude,longitude,milepost-direction,milepost-distance,milepost-marker,milepost-unit-of-measure,pedestrian-action-code,pedestrian-action-desc,prepared-date,primary-collision-factor-code,primary-collision-factor-description,primary-collision-factor-is-cited,primary-collision-party-number,primary-road,reporting-district,reporting-district-code,reviewed-date,roadway-surface-code,secondary-direction,secondary-distance,secondary-road,secondary-unit-of-measure,sketch-desc,traffic-control-device-code,created-date,modified-date,is-county-road,is-freeway,chp-555-version,is-additonal-object-struck,notification-date,notification-time-description,has-digital-media-files,evidence-number,is-location-refer-to-narrative,is-aoi-one-same-as-location
1874607,9370-2022-02569,1,False,9370,8/31/2022 3:20:00 PM,1520,054,14,109,Oakland,1,True,True,C,REAR END,,Wednesday,NotApplicable,False,,,False,True,False,ALAMEDA SUPERIOR COURT WILEY W. MANUEL COURTHOUSE,C,OTHER MOTOR VEHICLE,,0,0,A,DAYLIGHT,37.821595,-122.258655,,,,,A,NO PEDESTRIANS INVOLVED,8/31/2022 3:20:00 PM,A,VC 22350,False,1,I-580 E/B,,,9/27/2022 12:00:00 AM,A,W,1350.0,HARRISON STREET,F,,D,9/27/2022 11:06:47 AM,9/27/2022 11:06:47 AM,False,True,4,,,,,,,
1874530,9370-2022-02469,1,False,9370,8/22/2022 8:57:00 AM,857,008,14,109,Oakland,1,True,True,B,SIDE SWIPE,,Monday,Yes,False,F,,False,True,True,ALAMEDA SUPERIOR COURT WILEY W. MANUEL COURTHOUSE,C,OTHER MOTOR VEHICLE,,1,0,A,DAYLIGHT,37.824703,-122.312164,,,,,A,NO PEDESTRIANS INVOLVED,8/22/2022 8:57:00 AM,A,VC 21658(A),False,1,I-80 W/B,,,9/27/2022 12:00:00 AM,A,E,500.0,EAST EDGE OF SFOBB TOLL PLAZA,F,,D,9/27/2022 10:23:35 AM,9/27/2022 10:23:35 AM,False,True,4,,,,,,,
1874486,9370-2022-02587,1,False,9370,9/2/2022 12:30:00 AM,30,025,14,109,Oakland,1,True,True,E,HIT OBJECT,,Friday,Yes,False,,,False,True,True,ALAMEDA SUPERIOR COURT WILEY W. MANUEL COURTHOUSE,I,FIXED OBJECT,GORE POINT ATTENUATOR,1,0,C,DARK-STREET LIGHTS,37.826656,-122.268268,,,,,A,NO PEDESTRIANS INVOLVED,9/2/2022 12:30:00 AM,A,VC 22107,False,1,SR-24 W/B TO I-580,,,9/27/2022 12:00:00 AM,A,W,110.0,WEST MACARTHUR BOULEVARD,F,,D,9/27/2022 9:55:51 AM,9/27/2022 9:55:51 AM,False,True,4,,,,,,,
1874434,9370-2022-02565,1,False,9370,8/31/2022 11:57:00 AM,1157,176,14,109,Oakland,1,True,True,C,REAR END,,Wednesday,NotApplicable,False,M,,False,True,False,ALAMEDA SUPERIOR COURT WILEY W. MANUEL COURTHOUSE,C,OTHER MOTOR VEHICLE,,0,0,A,DAYLIGHT,37.743994,-122.199578,,,,,A,NO PEDESTRIANS INVOLVED,8/31/2022 11:57:00 AM,A,VC 22350,False,1,I-880 S/B,,,9/27/2022 12:00:00 AM,A,N,1490.0,HEGENBERGER RD,F,,D,9/27/2022 9:27:17 AM,9/27/2022 9:27:17 AM,False,True,4,,,,,,,
1874328,9370-2022-02529,1,False,9370,8/29/2022 6:00:00 PM,1800,024,14,109,Oakland,1,True,True,C,REAR END,,Monday,NotApplicable,False,,,False,True,True,Alameda Superior Court Wiley W. Manuel Courthouse,C,OTHER MOTOR VEHICLE,,0,0,A,DAYLIGHT,37.824821,-122.265914,,,,,A,NO PEDESTRIANS INVOLVED,8/29/2022 6:00:00 PM,A,VC 22350,False,1,SR-24 E/B,,,9/27/2022 12:00:00 AM,A,W,1800.0,SR-13 S/B,F,,D,9/27/2022 8:06:40 AM,9/27/2022 8:06:40 AM,False,True,4,,,,,,,
1874324,9370-2022-02528,1,False,9370,8/29/2022 1:25:00 PM,1325,024,14,109,Oakland,1,True,True,B,SIDE SWIPE,,Monday,NotApplicable,False,,,False,True,True,ALAMEDA SUPERIOR COURT WILEY W. MANUEL COURTHOUSE,C,OTHER MOTOR VEHICLE,,1,0,A,DAYLIGHT,37.824847,-122.26597,,,,,A,NO PEDESTRIANS INVOLVED,8/29/2022 1:25:00 PM,A,VC 21658(A),False,1,SR-24 E/B,,,9/27/2022 12:00:00 AM,A,W,315.0,GOLDEN GATE AVE,F,,D,9/27/2022 8:02:02 AM,9/27/2022 8:02:02 AM,False,True,4,,,,,,,
1874320,9370-2022-02822,1,False,9370,9/22/2022 6:27:00 AM,627,055,14,109,Oakland,1,True,True,C,REAR END,,Thursday,NotApplicable,False,M,,False,True,False,ALAMEDA SUPERIOR COURT WILEY W. MANUEL COURTHOUSE,C,OTHER MOTOR VEHICLE,,0,0,A,DAYLIGHT,37.827586,-122.29561,,,,,A,NO PEDESTRIANS INVOLVED,9/22/2022 6:27:00 AM,A,VC 22350,False,1,I-580 W/B,,,9/27/2022 12:00:00 AM,A,W,1300.0,BEACH ST,F,,D,9/27/2022 7:55:23 AM,9/27/2022 7:55:23 AM,False,True,4,,,,,,,
1874302,9370-2022-02572,1,False,9370,8/26/2022 11:11:00 PM,2311,177,14,109,Oakland,1,True,True,B,SIDE SWIPE,,Friday,NotApplicable,False,M,,False,True,False,ALAMEDA SUPERIOR COURT WILEY W. MANUEL COURTHOUSE,C,OTHER MOTOR VEHICLE,,0,0,D,DARK-NO STREET LIGHTS,37.797788,-122.273474,,,,,A,NO PEDESTRIANS INVOLVED,8/26/2022 11:11:00 PM,A,VC 21658(A),False,1,I-880 S/B,,,9/27/2022 12:00:00 AM,A,S,55.0,WEBSTER STREET,F,,D,9/27/2022 7:45:10 AM,9/27/2022 7:45:10 AM,False,True,4,,,,,,,
1874300,9370-2022-02671,1,False,9370,9/9/2022 6:50:00 AM,650,053,14,109,Oakland,1,True,True,B,SIDE SWIPE,,Friday,NotApplicable,False,,,False,True,False,ALAMEDA SUPERIOR COURT WILEY W. MANUEL COURTHOUSE,C,OTHER MOTOR VEHICLE,,0,0,A,DAYLIGHT,37.802643,-122.231541,,,,,A,NO PEDESTRIANS INVOLVED,9/9/2022 6:50:00 AM,A,VC 21658(A),False,1,I-580 E/B,,,9/27/2022 12:00:00 AM,A,W,69.0,13TH AVE,F,,D,9/27/2022 7:43:42 AM,9/27/2022 7:43:42 AM,False,True,4,,,,,,,
1874299,9370-2022-02497,1,False,9370,8/26/2022 12:25:00 PM,1225,054,14,109,Oakland,1,True,True,C,REAR END,,Friday,NotApplicable,False,,,False,True,True,ALAMEDA SUPERIOR COURT WILEY W. MANUEL COURTHOUSE,C,OTHER MOTOR VEHICLE,,1,0,A,DAYLIGHT,37.807084,-122.238441,,,,,A,NO PEDESTRIANS INVOLVED,8/26/2022 12:25:00 PM,A,VC 22107,False,1,I-580 W/B,,,9/27/2022 12:00:00 AM,A,W,1774.0,PARK BLVD,F,,D,9/27/2022 7:42:24 AM,9/27/2022 7:42:24 AM,False,True,4,,,,,,,
1874295,9370-2022-02496,1,False,9370,8/26/2022 7:15:00 AM,715,054,14,109,Oakland,1,True,True,E,HIT OBJECT,,Friday,NotApplicable,False,M,,False,True,True,ALAMEDA SUPERIOR COURT WILEY W. MANUEL COURTHOUSE,I,FIXED OBJECT,CONCRETE WALL,0,0,A,DAYLIGHT,37.82187,-122.259437,,,,,A,NO PEDESTRIANS INVOLVED,8/26/2022 7:15:00 AM,A,VC 22107,False,1,I-580 E/B,,,9/27/2022 12:00:00 AM,A,W,1592.0,HARRISON ST,F,,D,9/27/2022 7:36:54 AM,9/27/2022 7:36:54 AM,False,True,4,,,,,,,
1874287,9370-2022-02445,1,False,9370,8/20/2022 6:00:00 PM,1800,052,14,109,Oakland,1,True,True,B,SIDE SWIPE,,Saturday,NotApplicable,False,M,,False,True,False,ALAMEDA SUPERIOR COURT WILEY W. MANUEL COURTHOUSE,C,OTHER MOTOR VEHICLE,,0,0,A,DAYLIGHT,37.74937,-122.15096,,,,,A,NO PEDESTRIANS INVOLVED,8/20/2022 6:00:00 PM,A,VC 21658(A),False,1,I-880 N/B,,,9/27/2022 12:00:00 AM,A,W,1615.0,106TH AVENUE,F,,D,9/27/2022 7:28:00 AM,9/27/2022 7:28:00 AM,False,True,4,,,,,,,
1874221,9370-2022-02821,1,False,9370,9/22/2022 7:25:00 AM,725,055,14,109,Oakland,1,True,True,C,REAR END,,Thursday,NotApplicable,False,,,False,True,False,ALAMEDA SUPERIOR COURT WILEY W. MANUEL COURTHOUSE,C,OTHER MOTOR VEHICLE,,0,0,A,DAYLIGHT,37.827165,-122.285001,,,,,A,NO PEDESTRIANS INVOLVED,9/22/2022 7:25:00 AM,A,VC 22350,False,1,I-580 W/B,,,9/27/2022 12:00:00 AM,A,W,100.0,HOLLIS ST,F,,D,9/27/2022 6:20:30 AM,9/27/2022 6:20:30 AM,False,True,4,,,,,,,
1874207,9335-2022-01727,1,False,9335,9/16/2022 6:15:00 AM,615,082,14,109,Oakland,1,True,True,B,SIDE SWIPE,,Friday,NotApplicable,False,M,,False,True,False,ALAMEDA SUPERIOR COURT ALAMEDA,C,OTHER MOTOR VEHICLE,,0,0,B,DUSK-DAWN,37.824075,-122.316651,,,,,A,NO PEDESTRIANS INVOLVED,9/16/2022 6:15:00 AM,A,VC 21658(a),False,1,I-80 W/B,,,9/27/2022 12:00:00 AM,A,E,195.0,SFOBB METERING LIGHTS,F,,D,9/27/2022 6:03:13 AM,9/27/2022 6:03:13 AM,False,True,4,,,,,,,
1874201,9370-2022-02361,1,False,9370,8/14/2022 1:25:00 AM,125,008,14,109,Oakland,1,True,True,E,HIT OBJECT,,Sunday,Yes,False,,,False,True,False,ALAMEDA SUPERIOR COURT WILEY W. MANUEL COURTHOUSE,I,FIXED OBJECT,GUARD RAIL,0,0,A,DAYLIGHT,37.827327,-122.295505,,,,,A,NO PEDESTRIANS INVOLVED,8/14/2022 1:25:00 AM,A,VC 22107,False,1,I-80 E/B,,,9/27/2022 12:00:00 AM,A,W,600.0,I-80 W/B TO I-880 S/B,F,,D,9/27/2022 5:57:37 AM,9/27/2022 5:57:37 AM,False,True,4,,,,,,,
1874194,9370-2022-02881,1,False,9370,8/11/2022 10:05:00 PM,2205,177,14,109,Oakland,1,True,True,B,SIDE SWIPE,,Thursday,NotApplicable,False,M,,False,True,False,Alameda Superior Court Wiley W. Manuel Courthouse,C,OTHER MOTOR VEHICLE,,0,0,C,DARK-STREET LIGHTS,37.798508,-122.274612,,,,,A,NO PEDESTRIANS INVOLVED,8/11/2022 10:05:00 PM,A,VC 21658(A),False,2,I-880 N/B,,,9/27/2022 12:00:00 AM,A,S,100.0,BROADWAY,F,,D,9/27/2022 5:34:52 AM,9/27/2022 5:34:52 AM,False,True,4,,,,,,,
1873798,9370-2022-02513,1,False,9370,8/27/2022 10:30:00 PM,2230,176,14,109,Oakland,1,True,True,B,SIDE SWIPE,,Saturday,NotApplicable,False,M,,False,True,False,ALAMEDA SUPERIOR COURT WILEY W. MANUEL COURTHOUSE,C,OTHER MOTOR VEHICLE,,0,0,C,DARK-STREET LIGHTS,37.774588,-122.232293,,,,,A,NO PEDESTRIANS INVOLVED,8/27/2022 10:30:00 PM,A,VC 21658(A),False,1,I-880 S/B,,,9/26/2022 12:00:00 AM,A,S,348.0,29TH AVE,F,,D,9/26/2022 4:13:53 PM,9/26/2022 4:13:53 PM,False,True,4,,,,,,,
1873797,9370-2022-02515,1,False,9370,8/27/2022 7:05:00 AM,705,055,14,109,Oakland,1,True,True,B,SIDE SWIPE,,Saturday,NotApplicable,False,,,False,True,False,ALAMEDA SUPERIOR COURT WILEY W. MANUEL COURTHOUSE,C,OTHER MOTOR VEHICLE,,0,0,A,DAYLIGHT,37.826351,-122.288454,,,,,A,NO PEDESTRIANS INVOLVED,8/27/2022 7:05:00 AM,A,VC 21658(a),False,1,I-580 E/B,,,9/26/2022 12:00:00 AM,A,W,1530.0,HOLLIS ST,F,,D,9/26/2022 4:13:11 PM,9/26/2022 4:13:11 PM,False,True,4,,,,,,,
1894251,9370-2022-02825,1,False,9370,9/22/2022 9:24:00 AM,924,080,14,109,Oakland,1,True,True,C,REAR END,,Thursday,NotApplicable,False,M,,False,True,True,ALAMEDA SUPERIOR COURT WILEY W. MANUEL COURTHOUSE,C,OTHER MOTOR VEHICLE,,0,0,A,DAYLIGHT,37.8495,-122.299109,,,,,A,NO PEDESTRIANS INVOLVED,9/22/2022 9:24:00 AM,A,VC 22350,False,1,I-80 WB,,,10/19/2022 12:00:00 AM,A,E,160.0,ASHBY AVE,F,,D,10/19/2022 11:56:20 AM,10/19/2022 11:56:20 AM,False,True,4,,,,,,,
1894212,9370-2022-02977,1,False,9370,10/5/2022 8:58:00 AM,858,177,14,109,Oakland,1,True,True,C,REAR END,,Wednesday,NotApplicable,False,M,,False,True,False,Alameda Superior Court Wiley W. Manuel Courthouse,C,OTHER MOTOR VEHICLE,,0,0,A,DAYLIGHT,37.800196,-122.278817,,,,,A,NO PEDESTRIANS INVOLVED,10/5/2022 8:58:00 AM,A,VC 22350,False,1,I-880 N/B,,,10/19/2022 12:00:00 AM,A,N,100.0,JEFFERSON ST,F,,D,10/19/2022 11:37:39 AM,10/19/2022 11:37:39 AM,False,True,4,,,,,,,
1893892,9370-2022-02838,1,False,9370,9/23/2022 7:20:00 AM,720,055,14,109,Oakland,1,True,True,C,REAR END,,Friday,NotApplicable,False,,,False,True,True,ALAMEDA SUPERIOR COURT WILEY W. MANUEL COURTHOUSE,C,OTHER MOTOR VEHICLE,,0,0,A,DAYLIGHT,37.826854,-122.290229,,,,,A,NO PEDESTRIANS INVOLVED,9/23/2022 7:20:00 AM,A,VC 22350,False,1,I-580 W/B TO I-80 W/B,,,10/19/2022 12:00:00 AM,A,W,100.0,MANDELA PARKWAY,F,,D,10/19/2022 7:08:22 AM,10/19/2022 7:08:22 AM,False,True,4,,,,,,,
1893386,9370-2022-02762,1,False,9370,9/16/2022 11:22:00 AM,1122,176,14,109,Oakland,1,True,True,C,REAR END,,Friday,NotApplicable,False,M,,False,True,True,ALAMEDA SUPERIOR COURT WILEY W. MANUEL COURTHOUSE,C,OTHER MOTOR VEHICLE,CONCRETE WALL,0,0,A,DAYLIGHT,37.748636,-122.203504,,,,,A,NO PEDESTRIANS INVOLVED,9/16/2022 11:22:00 AM,A,VC 22350,False,1,I-880 S/B,,,10/18/2022 12:00:00 AM,A,S,2317.0,66TH AVE,F,,D,10/18/2022 6:37:15 PM,10/18/2022 6:37:15 PM,False,True,4,True,,,,,,
1893383,9370-2022-02755,1,False,9370,9/15/2022 11:08:00 AM,1108,008,14,109,Oakland,1,True,True,C,REAR END,,Thursday,NotApplicable,False,,,False,True,True,ALAMEDA SUPERIOR COURT WILEY W. MANUEL COURTHOUSE,C,OTHER MOTOR VEHICLE,,0,0,A,DAYLIGHT,37.833657,-122.294788,,,,,A,NO PEDESTRIANS INVOLVED,9/15/2022 11:08:00 AM,A,VC 22350,False,1,I-80 W/B,,,10/18/2022 12:00:00 AM,A,W,1650.0,POWELL ST,F,,D,10/18/2022 6:25:03 PM,10/18/2022 6:25:03 PM,False,True,4,,,,,,,
1893378,9370-2022-02714,1,False,9370,9/12/2022 7:30:00 AM,730,176,14,109,Oakland,1,True,True,C,REAR END,,Monday,NotApplicable,False,,,False,True,True,Alameda Superior Court Wiley W. Manuel Courthouse,C,OTHER MOTOR VEHICLE,,0,0,A,DAYLIGHT,37.763835,-122.216744,,,,,A,NO PEDESTRIANS INVOLVED,9/12/2022 7:30:00 AM,A,VC 22350,False,1,I-880 N/B,,,10/18/2022 12:00:00 AM,A,S,1870.0,HIGH ST,F,,A,10/18/2022 6:03:56 PM,10/18/2022 6:03:56 PM,False,True,4,,,,,,,
1893377,9370-2022-02707,1,False,9370,9/11/2022 6:25:00 PM,1825,055,14,109,Oakland,1,True,True,B,SIDE SWIPE,,Sunday,NotApplicable,False,M,,False,True,False,ALAMEDA SUPERIOR COURT WILEY W. MANUEL COURTHOUSE,C,OTHER MOTOR VEHICLE,,0,0,A,DAYLIGHT,37.822623,-122.261637,,,,,A,NO PEDESTRIANS INVOLVED,9/11/2022 6:25:00 PM,A,VC 21658,False,1,I-580 E/B,,,10/18/2022 12:00:00 AM,A,E,70.0,WEBSTER ST,F,,D,10/18/2022 6:03:10 PM,10/18/2022 6:03:10 PM,False,True,4,,,,,,,
1893376,9370-2022-02705,1,False,9370,9/11/2022 5:23:00 PM,1723,052,14,109,Oakland,1,True,True,B,SIDE SWIPE,,Sunday,NotApplicable,False,M,,False,True,False,ALAMEDA SUPERIOR COURT WILEY W. MANUEL COURTHOUSE,C,OTHER MOTOR VEHICLE,,1,0,A,DAYLIGHT,37.739801,-122.143534,,,,,A,NO PEDESTRIANS INVOLVED,9/11/2022 5:23:00 PM,A,VC 21658(A),False,1,I-580 E/B,,,10/18/2022 12:00:00 AM,A,W,960.0,FOOTHILL BOULEVARD,F,,D,10/18/2022 6:02:02 PM,10/18/2022 6:02:02 PM,False,True,4,,,,,,,
1893373,9370-2022-02656,1,False,9370,9/7/2022 9:10:00 PM,2110,176,14,109,Oakland,1,True,True,B,SIDE SWIPE,,Wednesday,NotApplicable,False,M,,False,True,True,ALAMEDA SUPERIOR COURT WILEY W. MANUEL COURTHOUSE,C,OTHER MOTOR VEHICLE,,0,0,D,DARK-NO STREET LIGHTS,37.444862,-122.120767,,,,,A,NO PEDESTRIANS INVOLVED,9/7/2022 9:10:00 PM,A,VC 22107,False,1,I-880 S/B,,,10/18/2022 12:00:00 AM,A,N,2800.0,HEGENBERGER RD,F,,D,10/18/2022 5:59:11 PM,10/18/2022 5:59:11 PM,False,True,4,,,,,,,
1893351,9370-2022-02802,2,False,9370,9/20/2022 3:15:00 PM,1515,177,14,109,Oakland,1,True,True,C,REAR END,,Tuesday,NotApplicable,False,M,,False,True,False,Alameda Superior Court Wiley W. Manuel Courthouse,C,OTHER MOTOR VEHICLE,,0,0,A,DAYLIGHT,37.786127,-122.245218,,,,,A,NO PEDESTRIANS INVOLVED,9/20/2022 3:15:00 PM,A,VC 22350,False,1,I-880 S/B,,,11/1/2022 5:07:37 PM,A,N,200.0,16TH AVE,F,,D,10/18/2022 5:20:47 PM,11/1/2022 5:07:39 PM,False,True,4,,,,False,,,
1892185,9335-2022-01949,1,False,9335,10/14/2022 6:50:00 PM,1850,082,14,109,Oakland,1,True,True,E,HIT OBJECT,,Friday,NotApplicable,False,,,False,True,True,ALAMEDA SUPERIOR COURT ALAMEDA,I,FIXED OBJECT,CONCRETE WALL,0,0,C,DARK-STREET LIGHTS,37.824633,-122.313884,,,,,A,NO PEDESTRIANS INVOLVED,10/14/2022 6:50:00 PM,C,,,,I-80 W/B,,,10/17/2022 12:00:00 AM,A,W,30.0,EAST EDGE OF SFOBB TOLL PLAZA,F,,D,10/17/2022 7:53:51 PM,10/17/2022 7:53:51 PM,False,True,4,,,,,,,
1892174,9370-2022-02192,1,False,9370,7/28/2022 6:50:00 PM,1850,098,14,109,Oakland,1,True,True,E,HIT OBJECT,,Thursday,Yes,False,,,False,True,False,ALAMEDA SUPERIOR COURT WILEY W. MANUEL COURTHOUSE,I,FIXED OBJECT,CONCRETE WALL,0,0,A,DAYLIGHT,37.819212,-122.269342,,,,,A,NO PEDESTRIANS INVOLVED,7/28/2022 6:50:00 PM,A,VC 23152(g),True,1,I-980 E/B TO I-580,,,10/17/2022 12:00:00 AM,A,W,40.0,30TH ST,F,,D,10/17/2022 6:19:06 PM,10/17/2022 6:19:06 PM,False,True,4,,,,,,,
1892168,9370-2022-02757,1,False,9370,9/16/2022 12:30:00 AM,30,053,14,109,Oakland,1,True,True,C,REAR END,,Friday,NotApplicable,False,,,False,True,False,ALAMEDA SUPERIOR COURT WILEY W. MANUEL COURTHOUSE,C,OTHER MOTOR VEHICLE,,0,0,C,DARK-STREET LIGHTS,37.824829,-122.265906,,,,,A,NO PEDESTRIANS INVOLVED,9/16/2022 12:30:00 AM,A,VC 23152(a),True,1,I-580 W/B TO BEAUMONT AVENUE,,,10/17/2022 12:00:00 AM,A,E,35.0,BEAUMONT AVENUE,F,,A,10/17/2022 5:59:07 PM,10/17/2022 5:59:07 PM,False,True,4,,,,,,,
1892165,9335-2022-01909,1,False,9335,10/10/2022 6:15:00 PM,1815,082,14,109,Oakland,1,True,True,E,HIT OBJECT,,Monday,NotApplicable,False,,,False,True,False,ALAMEDA SUPERIOR COURT ALAMEDA,I,FIXED OBJECT,TOLL BOOTH,0,0,B,DUSK-DAWN,37.824721,-122.313763,,,,,A,NO PEDESTRIANS INVOLVED,10/10/2022 6:15:00 PM,A,VC 22350,False,1,I-80 WESTBOUND,,,10/17/2022 12:00:00 AM,A,E,1051.0,SFOBB METERING LIGHTS,F,,D,10/17/2022 5:48:55 PM,10/17/2022 5:48:55 PM,False,True,4,,,,,,,
1892121,9370-2022-02997,1,False,9370,10/6/2022 1:10:00 PM,1310,055,14,109,Oakland,1,True,True,B,SIDE SWIPE,,Thursday,NotApplicable,False,,,False,True,True,ALAMEDA SUPERIOR COURT WILEY W. MANUEL COURTHOUSE,C,OTHER MOTOR VEHICLE,,0,0,A,DAYLIGHT,37.827229,-122.285214,,,,,A,NO PEDESTRIANS INVOLVED,10/6/2022 1:10:00 PM,A,VC 21658(A),False,1,I-580 W/B,,,10/17/2022 12:00:00 AM,A,W,161.0,HOLLIS ST,F,,D,10/17/2022 3:48:26 PM,10/17/2022 3:48:26 PM,False,True,4,,,,,,,
1892095,9370-2022-02962,1,False,9370,10/3/2022 9:30:00 PM,2130,176,14,109,Oakland,1,True,True,F,OVERTURNED,,Monday,Yes,False,,,False,True,True,ALAMEDA SUPERIOR COURT WILEY W. MANUEL COURTHOUSE,A,NON-COLLISION,ASHPALT ROADWAY,1,0,D,DARK-NO STREET LIGHTS,37.73293,-122.189362,,,,,A,NO PEDESTRIANS INVOLVED,10/3/2022 9:30:00 PM,A,VC 22107,False,1,I-880 N/B,,,10/17/2022 12:00:00 AM,A,N,440.0,98TH AVENUE,F,,D,10/17/2022 3:25:43 PM,10/17/2022 3:25:43 PM,False,True,4,,,,,,,
1892001,9370-2022-03056,1,False,9370,10/11/2022 5:56:00 AM,556,055,14,109,Oakland,1,True,True,C,REAR END,,Tuesday,NotApplicable,False,,,False,True,False,Alameda Superior Court Wiley W. Manuel Courthouse,C,OTHER MOTOR VEHICLE,,1,0,D,DARK-NO STREET LIGHTS,37.826478,-122.276878,,,,,A,NO PEDESTRIANS INVOLVED,10/11/2022 5:56:00 AM,A,VC 22350,False,1,I-580 W/B,,,10/17/2022 12:00:00 AM,A,E,460.0,SAN PABLO AVENUE,F,,D,10/17/2022 2:03:21 PM,10/17/2022 2:03:21 PM,False,True,4,,,,,,,
1891413,9370-2022-02601,1,False,9370,9/4/2022 2:37:00 AM,237,054,14,109,Oakland,1,True,True,E,HIT OBJECT,,Sunday,Yes,False,,,False,True,False,ALAMEDA SUPERIOR COURT WILEY W. MANUEL COURTHOUSE,I,FIXED OBJECT,RAISED CURB,0,0,C,DARK-STREET LIGHTS,37.81246,-122.249267,,,,,A,NO PEDESTRIANS INVOLVED,9/4/2022 2:37:00 AM,A,VC 23152(A),True,1,I-580 W/B FROM GRAND AVENUE,,,10/17/2022 12:00:00 AM,A,W,442.0,GRAND AVE,F,,D,10/17/2022 7:16:24 AM,10/17/2022 7:16:24 AM,False,True,4,,,,,,,
1891233,9335-2022-01900,1,False,9335,10/9/2022 2:13:00 PM,1413,082,14,109,Oakland,1,True,True,E,HIT OBJECT,,Sunday,NotApplicable,False,,,False,True,False,ALAMEDA SUPERIOR COURT WILEY W. MANUEL COURTHOUSE,I,FIXED OBJECT,CONCRETE DIVIDER,0,0,A,DAYLIGHT,37.822462,-122.325604,,,,,A,NO PEDESTRIANS INVOLVED,10/9/2022 2:13:00 PM,A,VC 22107,False,1,I-80 W/B,,,10/16/2022 12:00:00 AM,A,W,2450.0,METERING LIGHTS,F,,D,10/16/2022 10:33:31 PM,10/16/2022 10:33:31 PM,False,True,4,,,,,,,
1890790,9370-2022-02641,1,False,9370,9/6/2022 4:51:00 PM,1651,176,14,109,Oakland,1,True,True,B,SIDE SWIPE,,Tuesday,NotApplicable,False,,,False,True,False,ALAMEDA SUPERIOR COURT WILEY W. MANUEL COURTHOUSE,C,OTHER MOTOR VEHICLE,,0,0,A,DAYLIGHT,37.74242,-177.197882,,,,,A,NO PEDESTRIANS INVOLVED,9/6/2022 4:51:00 PM,A,VC 21658(a),False,2,I-880 S/B,,,10/14/2022 12:00:00 AM,A,N,1500.0,HEGENBERGER ROAD,F,,D,10/14/2022 8:06:42 PM,10/14/2022 8:06:42 PM,False,True,4,,,,,,,
1890009,9370-2022-02801,1,False,9370,9/20/2022 11:35:00 AM,1135,177,14,109,Oakland,1,True,True,E,HIT OBJECT,,Tuesday,NotApplicable,False,M,,False,True,False,Alameda Superior Court Wiley W. Manuel Courthouse,J,OTHER OBJECT,BARREL ATTENUATOR,0,0,A,DAYLIGHT,37.795901,-122.267786,,,,,A,NO PEDESTRIANS INVOLVED,9/20/2022 11:35:00 AM,A,VC 22107,False,1,I-880 N/B,,,10/14/2022 12:00:00 AM,A,S,300.0,JACKSON ST,F,,D,10/14/2022 12:14:38 AM,10/14/2022 12:14:38 AM,False,True,4,,,,,,,
1890007,9370-2022-02731,1,False,9370,9/13/2022 12:38:00 PM,1238,176,14,109,Oakland,1,True,True,B,SIDE SWIPE,,Tuesday,NotApplicable,False,,,False,True,False,Alameda Superior Court Wiley W. Manuel Courthouse,C,OTHER MOTOR VEHICLE,,0,0,A,DAYLIGHT,37.774989,-122.233776,,,,,A,NO PEDESTRIANS INVOLVED,9/13/2022 12:38:00 PM,A,VC 21658(a),False,1,I-880 S/B,,,10/13/2022 12:00:00 AM,A,N,34.0,29TH AVE,F,,D,10/13/2022 11:52:55 PM,10/13/2022 11:52:55 PM,False,True,4,,,,,,,