collision-id,report-number,report-version,is-preliminary,ncic-code,crash-date-time,crash-time-description,beat,city-id,city-code,city-name,county-code,city-is-active,city-is-incorporated,collision-type-code,collision-type-description,collision-type-other-desc,day-of-week,dispatch-notified,has-photographs,hit-run,is-attachments-mailed,is-deleted,is-highway-related,is-tow-away,judicial-district,motor-vehicle-involved-with-code,motor-vehicle-involved-with-desc,motor-vehicle-involved-with-other-desc,number-injured,number-killed,lighting-code,lighting-description,latitude,longitude,milepost-direction,milepost-distance,milepost-marker,milepost-unit-of-measure,pedestrian-action-code,pedestrian-action-desc,prepared-date,primary-collision-factor-code,primary-collision-factor-description,primary-collision-factor-is-cited,primary-collision-party-number,primary-road,reporting-district,reporting-district-code,reviewed-date,roadway-surface-code,secondary-direction,secondary-distance,secondary-road,secondary-unit-of-measure,sketch-desc,traffic-control-device-code,created-date,modified-date,is-county-road,is-freeway,chp-555-version,is-additonal-object-struck,notification-date,notification-time-description,has-digital-media-files,evidence-number,is-location-refer-to-narrative,is-aoi-one-same-as-location
2646659,22-016910,2,False,0109,4/12/2022 8:58:00 AM,858,08X,14,109,Oakland,1,True,True,D,BROADSIDE,,Tuesday,,,,,False,False,True,,C,OTHER MOTOR VEHICLE,,1,0,A,DAYLIGHT,,,,,,,A,NO PEDESTRIANS INVOLVED,,A,21453A,,1,29TH ST,1,,,A,,,BROADWAY,,,A,7/25/2024 8:06:33 PM,1/28/2025 4:28:04 PM,,,2,,,,,,,
2646658,22-018459,2,False,0109,4/21/2022 4:05:00 PM,1605,34X,14,109,Oakland,1,True,True,G,VEHICLE/PEDESTRAIN,,Thursday,,,,,False,False,False,,B,PEDESTRIAN,,1,0,A,DAYLIGHT,,,,,,,D,CROSSING - NOT IN CROSSWALK,,A,21954A,,1,INTERNATIONAL BL,2,,,A,W,92.0,82ND AV,F,,A,7/25/2024 8:06:32 PM,1/28/2025 4:28:04 PM,,,2,,,,,,,
2646657,22-018587,2,False,0109,4/22/2022 10:39:00 AM,1039,12X,14,109,Oakland,1,True,True,G,VEHICLE/PEDESTRAIN,,Friday,,,,,False,False,False,,C,OTHER MOTOR VEHICLE,,1,0,A,DAYLIGHT,,,,,,,A,NO PEDESTRIANS INVOLVED,,A,22450A,,1,46TH ST,1,,,A,,,SHATTUCK AV,,,A,7/25/2024 8:06:32 PM,1/28/2025 4:28:04 PM,,,2,,,,,,,
2646656,22-020672,2,False,0109,4/27/2022 4:04:00 PM,1604,22Y,14,109,Oakland,1,True,True,C,REAR END,,Wednesday,,,,,False,False,False,,C,OTHER MOTOR VEHICLE,,1,0,A,DAYLIGHT,,,,,,,A,NO PEDESTRIANS INVOLVED,,A,22350,,1,35TH AV,2,,,A,N,110.0,CALIFORNIA ST,F,,D,7/25/2024 8:06:32 PM,1/28/2025 4:28:04 PM,,,2,,,,,,,
2646655,22-019959,2,False,0109,4/30/2022 8:01:00 PM,2001,03X,14,109,Oakland,1,True,True,B,SIDE SWIPE,,Saturday,,,,,False,False,False,,C,OTHER MOTOR VEHICLE,,1,0,A,DAYLIGHT,,,,,,,A,NO PEDESTRIANS INVOLVED,,A,22107,,1,7TH ST,1,,,A,,,JEFFERSON ST,,,D,7/25/2024 8:06:32 PM,1/28/2025 4:28:04 PM,,,2,,,,,,,
2646534,22-014179,2,False,0109,3/26/2022 5:39:00 PM,1739,27X,14,109,Oakland,1,True,True,C,REAR END,,Saturday,,,,,False,False,True,,C,OTHER MOTOR VEHICLE,,2,0,A,DAYLIGHT,,,,,,,A,NO PEDESTRIANS INVOLVED,,A,23152,,1,BANCROFT AV,2,,,A,W,90.0,SEMINARY AV,F,,A,7/25/2024 8:06:20 PM,1/28/2025 4:27:55 PM,,,2,,,,,,,
2646351,22-026441,2,False,0109,6/9/2022 4:00:00 AM,400,29X,14,109,Oakland,1,True,True,C,REAR END,,Thursday,,,M,,False,False,False,,E,PARKED MOTOR VEHICLE,,0,0,C,DARK-STREET LIGHTS,,,,,,,A,NO PEDESTRIANS INVOLVED,,A,22107,,1,SEMINARY AV,2,,,A,N,50.0,HILLMONT,F,,D,7/25/2024 8:06:01 PM,1/28/2025 4:27:43 PM,,,2,,,,,,,
2646350,22-026202,2,False,0109,6/7/2022 6:45:00 PM,1845,21Y,14,109,Oakland,1,True,True,A,HEAD-ON,,Tuesday,,,M,,False,False,False,,C,OTHER MOTOR VEHICLE,,0,0,A,DAYLIGHT,,,,,,,A,NO PEDESTRIANS INVOLVED,,A,22107,,1,35TH AV,2,,,A,,,ARIZONA ST,,,D,7/25/2024 8:06:01 PM,1/28/2025 4:27:43 PM,,,2,,,,,,,
2646349,22-027489,2,False,0109,6/15/2022 6:27:00 PM,1827,18X,14,109,Oakland,1,True,True,E,HIT OBJECT,,Wednesday,,,M,,False,False,True,,I,FIXED OBJECT,,0,0,A,DAYLIGHT,,,,,,,A,NO PEDESTRIANS INVOLVED,,A,22107,,1,15TH AV,1,,,A,N,20.0,E 17TH ST,F,,D,7/25/2024 8:06:01 PM,1/28/2025 4:27:43 PM,,,2,,,,,,,
2646348,22-027634,2,False,0109,6/16/2022 3:39:00 PM,1539,17X,14,109,Oakland,1,True,True,B,SIDE SWIPE,,Thursday,,,M,,False,False,True,,E,PARKED MOTOR VEHICLE,,0,0,A,DAYLIGHT,,,,,,,A,NO PEDESTRIANS INVOLVED,,A,21658A,,1,E 27TH ST,1,,,A,E,150.0,13TH AV,F,,D,7/25/2024 8:06:00 PM,1/28/2025 4:27:43 PM,,,2,,,,,,,
2646004,22-012151,2,False,0109,3/14/2022 2:48:00 PM,1448,06X,14,109,Oakland,1,True,True,C,REAR END,,Monday,,,,,False,False,True,,E,PARKED MOTOR VEHICLE,,0,0,A,DAYLIGHT,,,,,,,A,NO PEDESTRIANS INVOLVED,,A,22107,,1,WEST MACARTHUR BL,1,,,A,E,50.0,MARTIN LUTHER KING JR WY,F,,D,7/25/2024 8:05:23 PM,1/28/2025 4:27:17 PM,,,2,,,,,,,
2646000,22-002360,2,False,0109,1/16/2022 1:01:00 AM,101,30X,14,109,Oakland,1,True,True,C,REAR END,,Sunday,,,M,,False,False,True,,C,OTHER MOTOR VEHICLE,,1,0,C,DARK-STREET LIGHTS,,,,,,,A,NO PEDESTRIANS INVOLVED,,A,22350,,1,77TH AV,2,,,A,W,30.0,BANCROFT AV,F,,A,7/25/2024 8:05:23 PM,1/28/2025 4:27:16 PM,,,2,,,,,,,
2645992,22-018124,2,False,0109,4/19/2022 5:38:00 PM,1738,02Y,14,109,Oakland,1,True,True,F,OVERTURNED,,Tuesday,,,,,False,False,False,,A,NON-COLLISION,,0,0,A,DAYLIGHT,,,,,,,A,NO PEDESTRIANS INVOLVED,,A,22107,,1,7TH ST,1,,,A,E,30.0,MARITIME ST,F,,A,7/25/2024 8:05:22 PM,1/28/2025 4:27:16 PM,,,2,,,,,,,
2645865,22-020385,2,False,0109,5/3/2022 10:54:00 AM,1054,08X,14,109,Oakland,1,True,True,D,BROADSIDE,,Tuesday,,,,,False,False,False,,C,OTHER MOTOR VEHICLE,,1,0,A,DAYLIGHT,,,,,,,B,CROSSING IN CROSS WALK AT INTERSECTION,,A,21453A,,1,TELEGRAPH AV,1,,,A,,,34TH ST,,,A,7/25/2024 8:05:09 PM,1/28/2025 4:27:04 PM,,,2,,,,,,,
2645864,22-023727,2,False,0109,5/23/2022 2:43:00 PM,1443,08X,14,109,Oakland,1,True,True,B,SIDE SWIPE,,Monday,,,,,False,False,False,,G,BICYCLE,,1,0,A,DAYLIGHT,,,,,,,A,NO PEDESTRIANS INVOLVED,,A,22107,,1,BROADWAY,2,,,A,S,135.0,27TH ST,F,,D,7/25/2024 8:05:09 PM,1/28/2025 4:27:04 PM,,,2,,,,,,,
2645863,22-023626,2,False,0109,5/23/2022 6:34:00 AM,634,12X,14,109,Oakland,1,True,True,D,BROADSIDE,,Monday,,,,,False,False,True,,C,OTHER MOTOR VEHICLE,,1,0,B,DUSK-DAWN,,,,,,,A,NO PEDESTRIANS INVOLVED,,A,21453B,,1,KEITH AV,1,,,A,,,BROADWAY,,,A,7/25/2024 8:05:09 PM,1/28/2025 4:27:04 PM,,,2,,,,,,,
2645862,22-020070,2,False,0109,5/1/2022 4:57:00 PM,1657,04X,14,109,Oakland,1,True,True,B,SIDE SWIPE,,Sunday,,,,,False,False,False,,G,BICYCLE,,1,0,A,DAYLIGHT,,,,,,,A,NO PEDESTRIANS INVOLVED,,A,21801A,,1,W GRAND AV,1,,,A,,,MARTIN LUTHER KING JR WY,,,A,7/25/2024 8:05:08 PM,1/28/2025 4:27:04 PM,,,2,,,,,,,
2645861,22-020694,2,False,0109,5/5/2022 12:42:00 AM,42,32X,14,109,Oakland,1,True,True,D,BROADSIDE,,Thursday,,,,,False,False,False,,C,OTHER MOTOR VEHICLE,,1,0,C,DARK-STREET LIGHTS,,,,,,,A,NO PEDESTRIANS INVOLVED,,A,22350,,1,98TH AV,2,,,A,N,45.0,PLYMOUTH ST,F,,A,7/25/2024 8:05:08 PM,1/28/2025 4:27:04 PM,,,2,,,,,,,
2645749,22-019809,2,False,0109,4/29/2022 8:43:00 PM,2043,22X,14,109,Oakland,1,True,True,G,VEHICLE/PEDESTRAIN,,Friday,,,,,False,False,False,,B,PEDESTRIAN,,1,0,C,DARK-STREET LIGHTS,,,,,,,D,CROSSING - NOT IN CROSSWALK,,A,21950A,,1,MACARTHUR BL,2,,,A,W,20.0,DIMOND AV,F,,D,7/25/2024 8:04:56 PM,1/28/2025 4:26:55 PM,,,2,,,,,,,
2645748,22-019179,2,False,0109,4/26/2022 8:00:00 AM,800,21X,14,109,Oakland,1,True,True,G,VEHICLE/PEDESTRAIN,,Tuesday,,,,,False,False,False,,B,PEDESTRIAN,,1,0,A,DAYLIGHT,,,,,,,D,CROSSING - NOT IN CROSSWALK,,A,21950A,,1,23RD ST,2,,,A,N,20.0,COOLIDGE AV,F,,D,7/25/2024 8:04:56 PM,1/28/2025 4:26:55 PM,,,2,,,,,,,
2645747,22-019811,2,False,0109,4/29/2022 8:41:00 PM,2041,18Y,14,109,Oakland,1,True,True,D,BROADSIDE,,Friday,,,M,,False,False,False,,C,OTHER MOTOR VEHICLE,,1,0,C,DARK-STREET LIGHTS,,,,,,,A,NO PEDESTRIANS INVOLVED,,A,21460A,,1,5TH AV,1,,,A,,,FOOTHILL BL,,,A,7/25/2024 8:04:56 PM,1/28/2025 4:26:55 PM,,,2,,,,,,,
2645746,22-019130,2,False,0109,4/25/2022 9:03:00 PM,2103,19X,14,109,Oakland,1,True,True,D,BROADSIDE,,Monday,,,,,False,False,False,,C,OTHER MOTOR VEHICLE,,1,0,C,DARK-STREET LIGHTS,,,,,,,A,NO PEDESTRIANS INVOLVED,,A,21801A,,1,5TH AV,1,,,A,,,E 8TH ST,,,A,7/25/2024 8:04:56 PM,1/28/2025 4:26:55 PM,,,2,,,,,,,
2645745,22-017683,2,False,0109,4/16/2022 3:18:00 PM,1518,20X,14,109,Oakland,1,True,True,D,BROADSIDE,,Saturday,,,F,,False,False,False,,C,OTHER MOTOR VEHICLE,,1,0,A,DAYLIGHT,,,,,,,A,NO PEDESTRIANS INVOLVED,,A,22012,,1,INTERNATIONAL BL,2,,,A,,,MILLER AV,,,A,7/25/2024 8:04:56 PM,1/28/2025 4:26:54 PM,,,2,,,,,,,
2645744,22-018761,2,False,0109,4/23/2022 3:06:00 PM,1506,31X,14,109,Oakland,1,True,True,B,SIDE SWIPE,,Saturday,,,M,,False,False,False,,C,OTHER MOTOR VEHICLE,,1,0,A,DAYLIGHT,,,,,,,D,CROSSING - NOT IN CROSSWALK,,A,22107,,1,HEGENBERGER RD,2,,,A,N,75.0,BALDWIN ST,F,,A,7/25/2024 8:04:55 PM,1/28/2025 4:26:54 PM,,,2,,,,,,,
2645712,22-013248,2,False,0109,3/21/2022 6:18:00 AM,618,35X,14,109,Oakland,1,True,True,H,OTHER,,Monday,,,,,False,False,False,,I,FIXED OBJECT,,0,0,B,DUSK-DAWN,,,,,,,A,NO PEDESTRIANS INVOLVED,,A,22350,,1,98TH AV,2,,,A,N,35.0,STANLEY AV,F,,D,7/25/2024 8:04:52 PM,1/28/2025 4:26:52 PM,,,2,,,,,,,
2645711,22-013776,2,False,0109,3/24/2022 4:49:00 AM,449,21X,14,109,Oakland,1,True,True,B,SIDE SWIPE,,Thursday,,,,,False,False,False,,E,PARKED MOTOR VEHICLE,,0,0,C,DARK-STREET LIGHTS,,,,,,,A,NO PEDESTRIANS INVOLVED,,A,22107,,1,FRUITVALE AV,2,,,A,N,100.0,FOOTHILL BL,F,,D,7/25/2024 8:04:52 PM,1/28/2025 4:26:51 PM,,,2,,,,,,,
2645710,22-013943,2,False,0109,3/25/2022 6:04:00 AM,604,06X,14,109,Oakland,1,True,True,E,HIT OBJECT,,Friday,,,,,False,False,False,,A,NON-COLLISION,,0,0,B,DUSK-DAWN,,,,,,,,,,A,22107,,1,24TH ST,1,,,A,E,150.0,SAN PABLO AV,F,,D,7/25/2024 8:04:52 PM,1/28/2025 4:26:51 PM,,,2,,,,,,,
2645709,22-010467,2,False,0109,3/4/2022 8:19:00 PM,2019,31X,14,109,Oakland,1,True,True,A,HEAD-ON,,Friday,,,,,False,True,False,,C,OTHER MOTOR VEHICLE,,0,0,C,DARK-STREET LIGHTS,,,,,,,A,NO PEDESTRIANS INVOLVED,,D,22107,,1,SAN LEADRO ST,2,,,A,W,20.0,69TH AV,F,,A,7/25/2024 8:04:52 PM,1/28/2025 4:26:51 PM,,,2,,,,,,,
2645708,22-013113,2,False,0109,3/20/2022 8:28:00 AM,828,18Y,14,109,Oakland,1,True,True,B,SIDE SWIPE,,Sunday,,,M,,False,False,False,,E,PARKED MOTOR VEHICLE,,0,0,A,DAYLIGHT,,,,,,,A,NO PEDESTRIANS INVOLVED,,A,22107,,1,14TH AV,1,,,A,,,E 27TH ST,,,D,7/25/2024 8:04:52 PM,1/28/2025 4:26:51 PM,,,2,,,,,,,
2645707,22-011606,2,False,0109,3/11/2022 8:16:00 AM,816,30X,14,109,Oakland,1,True,True,,,,Friday,,,M,,False,False,False,,E,PARKED MOTOR VEHICLE,,0,0,A,DAYLIGHT,,,,,,,,,,A,22107,,1,78TH AV,2,,,A,S,100.0,GARFIELD ST,F,,D,7/25/2024 8:04:52 PM,1/28/2025 4:26:51 PM,,,2,,,,,,,
2645693,22-022242,2,False,0109,5/14/2022 7:11:00 AM,711,19X,14,109,Oakland,1,True,True,D,BROADSIDE,,Saturday,,,M,,False,False,False,,C,OTHER MOTOR VEHICLE,,0,0,A,DAYLIGHT,,,,,,,A,NO PEDESTRIANS INVOLVED,,A,21453A,,1,14TH AV,1,,,A,,,E 24TH ST,,,A,7/25/2024 8:04:50 PM,1/28/2025 4:26:50 PM,,,2,,,,,,,
2645692,22-023562,2,False,0109,5/22/2022 5:45:00 PM,1745,03X,14,109,Oakland,1,True,True,B,SIDE SWIPE,,Sunday,,,M,,False,False,False,,C,OTHER MOTOR VEHICLE,,0,0,A,DAYLIGHT,,,,,,,A,NO PEDESTRIANS INVOLVED,,A,21453A,,1,HARRISON ST,1,,,A,,,13TH ST,,,A,7/25/2024 8:04:50 PM,1/28/2025 4:26:50 PM,,,2,,,,,,,
2645691,22-020729,2,False,0109,5/5/2022 9:51:00 AM,951,09X,14,109,Oakland,1,True,True,F,OVERTURNED,,Thursday,,,,,False,False,False,,C,OTHER MOTOR VEHICLE,,0,0,A,DAYLIGHT,,,,,,,A,NO PEDESTRIANS INVOLVED,,A,21802A,,1,HARRISON ST,1,,,A,,,MOSS AV,,,A,7/25/2024 8:04:50 PM,1/28/2025 4:26:50 PM,,,2,,,,,,,
2645690,22-020537,2,False,0109,5/4/2022 9:05:00 AM,905,12X,14,109,Oakland,1,True,True,B,SIDE SWIPE,,Wednesday,,,,,False,False,False,,C,OTHER MOTOR VEHICLE,,0,0,A,DAYLIGHT,,,,,,,A,NO PEDESTRIANS INVOLVED,,A,21755,,1,TELEGRAPH AV,1,,,A,N,100.0,MCAULEY ST,F,,A,7/25/2024 8:04:50 PM,1/28/2025 4:26:50 PM,,,2,,,,,,,
2645689,21-059181,2,False,0109,5/16/2022 11:30:00 PM,2330,31Y,14,109,Oakland,1,True,True,B,SIDE SWIPE,,Monday,,,,,False,False,False,,E,PARKED MOTOR VEHICLE,,0,0,C,DARK-STREET LIGHTS,,,,,,,A,NO PEDESTRIANS INVOLVED,,A,22107,,1,STONEFORD AV,2,,,A,S,500.0,MADDUX DR,F,,D,7/25/2024 8:04:50 PM,1/28/2025 4:26:50 PM,,,2,,,,,,,
2645688,22-020295,2,False,0109,5/2/2022 5:20:00 PM,1720,33X,14,109,Oakland,1,True,True,B,SIDE SWIPE,,Monday,,,M,,False,False,False,,C,OTHER MOTOR VEHICLE,,0,0,A,DAYLIGHT,,,,,,,A,NO PEDESTRIANS INVOLVED,,A,21651B,,1,INTERNATIONAL BL,2,,,A,W,30.0,103RD AV,F,,A,7/25/2024 8:04:50 PM,1/28/2025 4:26:50 PM,,,2,,,,,,,
2645687,22-020292,2,False,0109,5/2/2022 5:45:00 PM,1745,33X,14,109,Oakland,1,True,True,A,HEAD-ON,,Monday,,,M,,False,False,False,,C,OTHER MOTOR VEHICLE,,0,0,A,DAYLIGHT,,,,,,,A,NO PEDESTRIANS INVOLVED,,A,22450A,,1,92ND AV,2,,,A,E,15.0,G ST,F,,A,7/25/2024 8:04:50 PM,1/28/2025 4:26:50 PM,,,2,,,,,,,
2645686,22-020297,2,False,0109,5/2/2022 5:40:00 PM,1740,33X,14,109,Oakland,1,True,True,B,SIDE SWIPE,,Monday,,,M,,False,False,False,,E,PARKED MOTOR VEHICLE,,0,0,A,DAYLIGHT,,,,,,,A,NO PEDESTRIANS INVOLVED,,A,22107,,1,92ND AV,2,,,A,N,200.0,G ST,F,,A,7/25/2024 8:04:50 PM,1/28/2025 4:26:50 PM,,,2,,,,,,,
2645685,22-020715,2,False,0109,5/5/2022 6:00:00 AM,600,15X,14,109,Oakland,1,True,True,C,REAR END,,Thursday,,,M,,False,False,False,,E,PARKED MOTOR VEHICLE,,0,0,A,DAYLIGHT,,,,,,,A,NO PEDESTRIANS INVOLVED,,A,22107,,1,ATHOL AV,1,,,A,E,50.0,WAYNE AV,F,,D,7/25/2024 8:04:50 PM,1/28/2025 4:26:50 PM,,,2,,,,,,,
2645683,22-019997,2,False,0109,5/1/2022 11:59:00 PM,2359,35X,14,109,Oakland,1,True,True,A,HEAD-ON,,Sunday,,,M,,False,False,False,,E,PARKED MOTOR VEHICLE,,0,0,C,DARK-STREET LIGHTS,,,,,,,A,NO PEDESTRIANS INVOLVED,,A,22107,,1,CASA CT,2,,,A,S,164.0,MACARTHUR BL,F,,D,7/25/2024 8:04:50 PM,1/28/2025 4:26:50 PM,,,2,,,,,,,
2645575,22-013182,2,False,0109,3/21/2022 7:30:00 PM,1930,32X,14,109,Oakland,1,True,True,C,REAR END,,Monday,,,M,,False,False,False,,C,OTHER MOTOR VEHICLE,,0,0,C,DARK-STREET LIGHTS,,,,,,,A,NO PEDESTRIANS INVOLVED,,A,22107,,1,INTERNATIONAL BL,2,,,A,W,50.0,98TH AV,F,,B,7/25/2024 8:04:39 PM,1/28/2025 4:26:42 PM,,,2,,,,,,,
2645574,22-017957,2,False,0109,4/18/2022 2:59:00 PM,1459,02X,14,109,Oakland,1,True,True,A,HEAD-ON,,Monday,,,F,,False,False,True,,C,OTHER MOTOR VEHICLE,,0,0,A,DAYLIGHT,,,,,,,A,NO PEDESTRIANS INVOLVED,,A,22450A,,1,CAMPBELL ST,1,,,A,N,20.0,12TH ST,F,,A,7/25/2024 8:04:39 PM,1/28/2025 4:26:42 PM,,,2,,,,,,,
2645573,22-000484,2,False,0109,1/4/2022 11:25:00 AM,1125,05X,14,109,Oakland,1,True,True,B,SIDE SWIPE,,Tuesday,,,,,False,False,False,,C,OTHER MOTOR VEHICLE,,0,0,A,DAYLIGHT,,,,,,,A,NO PEDESTRIANS INVOLVED,,A,22107,,1,BRUSH ST,1,,,A,N,10.0,18TH ST,F,,A,7/25/2024 8:04:39 PM,1/28/2025 4:26:42 PM,,,2,,,,,,,
2645572,22-017671,2,False,0109,4/16/2022 8:48:00 AM,848,06X,14,109,Oakland,1,True,True,B,SIDE SWIPE,,Saturday,,,M,,False,False,False,,E,PARKED MOTOR VEHICLE,,0,0,A,DAYLIGHT,,,,,,,A,NO PEDESTRIANS INVOLVED,,A,22107,,1,36TH ST,1,,,B,W,50.0,MARKET ST,F,,D,7/25/2024 8:04:39 PM,1/28/2025 4:26:42 PM,,,2,,,,,,,
2645571,22-005678,2,False,0109,2/4/2022 3:14:00 PM,1514,31X,14,109,Oakland,1,True,True,C,REAR END,,Friday,,,,,False,False,False,,C,OTHER MOTOR VEHICLE,,0,0,A,DAYLIGHT,,,,,,,A,NO PEDESTRIANS INVOLVED,,A,22350,,2,HEGENBERGER RD,2,,,A,,,EDGEWATER,,,A,7/25/2024 8:04:39 PM,1/28/2025 4:26:42 PM,,,2,,,,,,,
2645570,22020343,2,False,0109,5/3/2022 2:35:00 AM,235,06X,14,109,Oakland,1,True,True,B,SIDE SWIPE,,Tuesday,,,,,False,False,False,,C,OTHER MOTOR VEHICLE,,0,0,C,DARK-STREET LIGHTS,,,,,,,A,NO PEDESTRIANS INVOLVED,,A,22107,,,SAN PABLO AV,1,,,A,N,40.0,28TH ST,F,,D,7/25/2024 8:04:38 PM,1/28/2025 4:26:42 PM,,,2,,,,,,,
2645569,22-016983,2,False,0109,4/12/2022 3:30:00 PM,1530,31X,14,109,Oakland,1,True,True,G,VEHICLE/PEDESTRAIN,,Tuesday,,,,,False,False,False,,B,PEDESTRIAN,,2,0,A,DAYLIGHT,,,,,,,B,CROSSING IN CROSS WALK AT INTERSECTION,,A,21950A,,1,RUSSET ST,2,,,A,,,105TH AV,,,A,7/25/2024 8:04:38 PM,1/28/2025 4:26:42 PM,,,2,,,,,,,
2645568,22-017548,2,False,0109,4/15/2022 4:12:00 PM,1612,26X,14,109,Oakland,1,True,True,A,HEAD-ON,,Friday,,,,,False,False,True,,C,OTHER MOTOR VEHICLE,,3,0,A,DAYLIGHT,,,,,,,A,NO PEDESTRIANS INVOLVED,,A,22107,,1,SPENCER ST,2,,,A,E,36.0,72ND AV,F,,D,7/25/2024 8:04:38 PM,1/28/2025 4:26:42 PM,,,2,,,,,,,
2645567,22021969,2,False,0109,5/12/2022 12:20:00 PM,1220,33X,14,109,Oakland,1,True,True,D,BROADSIDE,,Thursday,,,,,False,False,False,,C,OTHER MOTOR VEHICLE,,0,0,A,DAYLIGHT,,,,,,,A,NO PEDESTRIANS INVOLVED,,A,21453A,,1,SAN LEANDRO,2,,,A,E,2.0,85TH AV,F,,A,7/25/2024 8:04:38 PM,1/28/2025 4:26:41 PM,,,2,,,,,,,
2645566,22-010017,2,False,0109,3/2/2022 10:00:00 AM,1000,27X,14,109,Oakland,1,True,True,D,BROADSIDE,,Wednesday,,,,,False,False,False,,C,OTHER MOTOR VEHICLE,,0,0,A,DAYLIGHT,,,,,,,A,NO PEDESTRIANS INVOLVED,,A,22450A,,1,48TH AV,2,,,A,,,BANCROFT AV,,,A,7/25/2024 8:04:38 PM,1/28/2025 4:26:41 PM,,,2,,,,,,,
2645565,22-000587,2,False,0109,1/5/2022 12:44:00 AM,44,20X,14,109,Oakland,1,True,True,A,HEAD-ON,,Wednesday,,,,,False,False,True,,E,PARKED MOTOR VEHICLE,,0,0,C,DARK-STREET LIGHTS,,,,,,,A,NO PEDESTRIANS INVOLVED,,A,22107,,1,27TH AV,1,,,A,N,10.0,E 16TH ST,F,,D,7/25/2024 8:04:38 PM,1/28/2025 4:26:41 PM,,,2,,,,,,,
2645564,22-006178,2,False,0109,2/7/2022 9:01:00 PM,2101,12X,14,109,Oakland,1,True,True,A,HEAD-ON,,Monday,,,M,,False,False,False,,C,OTHER MOTOR VEHICLE,,1,0,C,DARK-STREET LIGHTS,,,,,,,A,NO PEDESTRIANS INVOLVED,,A,21453A,,1,51ST ST,1,,,A,,,TELEGRAPH AV,,,A,7/25/2024 8:04:38 PM,1/28/2025 4:26:41 PM,,,2,,,,,,,
2645563,22-008130,2,False,0109,2/18/2022 10:15:00 PM,2215,29X,14,109,Oakland,1,True,True,C,REAR END,,Friday,,,,,False,False,True,,E,PARKED MOTOR VEHICLE,,1,0,C,DARK-STREET LIGHTS,,,,,,,A,NO PEDESTRIANS INVOLVED,,A,22107,,1,BANCROFT AV,2,,,A,E,70.0,AVENAL AV,F,,A,7/25/2024 8:04:38 PM,1/28/2025 4:26:41 PM,,,2,,,,,,,
2645562,22-008307,2,False,0109,2/19/2022 9:07:00 PM,2107,04X,14,109,Oakland,1,True,True,B,SIDE SWIPE,,Saturday,,,,,False,False,False,,C,OTHER MOTOR VEHICLE,,0,0,C,DARK-STREET LIGHTS,,,,,,,A,NO PEDESTRIANS INVOLVED,,A,22107,,1,17TH ST,1,,,A,,,TELEGRAPH AV,,,A,7/25/2024 8:04:38 PM,1/28/2025 4:26:41 PM,,,2,,,,,,,
2645561,22-006259,2,False,0109,2/8/2022 9:38:00 AM,938,05X,14,109,Oakland,1,True,True,B,SIDE SWIPE,,Tuesday,,,,,False,False,False,,C,OTHER MOTOR VEHICLE,,0,0,A,DAYLIGHT,,,,,,,A,NO PEDESTRIANS INVOLVED,,A,22107,,1,MANDELA PKWY,1,,,A,N,100.0,W GRAND AV,F,,A,7/25/2024 8:04:38 PM,1/28/2025 4:26:41 PM,,,2,,,,,,,
2645560,22-006620,2,False,0109,2/10/2022 7:33:00 AM,733,04X,14,109,Oakland,1,True,True,G,VEHICLE/PEDESTRAIN,,Thursday,,,,,False,False,False,,B,PEDESTRIAN,,1,0,A,DAYLIGHT,,,,,,,E,IN ROAD - INCLUDES SHOULDER,,A,22350,,1,FRANKLIN ST,1,,,A,S,150.0,17TH ST,F,,A,7/25/2024 8:04:37 PM,1/28/2025 4:26:41 PM,,,2,,,,,,,
2644725,22-021739,2,False,0109,5/10/2022 9:50:00 PM,2150,06X,14,109,Oakland,1,True,True,D,BROADSIDE,,Tuesday,,,,,False,False,False,,C,OTHER MOTOR VEHICLE,,0,0,C,DARK-STREET LIGHTS,,,,,,,A,NO PEDESTRIANS INVOLVED,,A,21453A,,1,35TH ST,1,,,A,,,WEST ST,,,A,7/25/2024 8:03:11 PM,1/28/2025 4:25:43 PM,,,2,,,,,,,
2644724,22-023638,2,False,0109,5/23/2022 8:07:00 AM,807,13Z,14,109,Oakland,1,True,True,G,VEHICLE/PEDESTRAIN,,Monday,,,,,False,False,False,,C,OTHER MOTOR VEHICLE,,0,0,A,DAYLIGHT,,,,,,,A,NO PEDESTRIANS INVOLVED,,A,21453A,,1,MORAGA AV,1,,,A,,,MEDAU PL,,,B,7/25/2024 8:03:11 PM,1/28/2025 4:25:43 PM,,,2,,,,,,,
2644723,22-010067,2,False,0109,3/2/2022 3:50:00 PM,1550,09X,14,109,Oakland,1,True,True,H,OTHER,,Wednesday,,,M,,False,False,False,,C,OTHER MOTOR VEHICLE,,0,0,A,DAYLIGHT,,,,,,,,,,A,21802A,,2,HOWE ST,1,,,A,,,PLEASANT VALLEY AV,,,A,7/25/2024 8:03:10 PM,1/28/2025 4:25:43 PM,,,2,,,,,,,
2644722,22-012859,2,False,0109,3/18/2022 11:15:00 AM,1115,10X,14,109,Oakland,1,True,True,H,OTHER,,Friday,,,,,False,False,False,,C,OTHER MOTOR VEHICLE,,0,0,A,DAYLIGHT,,,,,,,A,NO PEDESTRIANS INVOLVED,,A,21802A,,1,54TH ST,1,,,A,,,MARTIN LUTHER KING JR WY,,,D,7/25/2024 8:03:10 PM,1/28/2025 4:25:42 PM,,,2,,,,,,,
2644249,22-014748,2,False,0109,3/30/2022 12:59:00 AM,59,33X,14,109,Oakland,1,True,True,B,SIDE SWIPE,,Wednesday,,,,,False,False,False,,C,OTHER MOTOR VEHICLE,,0,0,C,DARK-STREET LIGHTS,,,,,,,A,NO PEDESTRIANS INVOLVED,,A,22107,,1,85TH AV,2,,,A,N,65.0,D ST,F,,D,7/25/2024 8:02:22 PM,1/28/2025 4:25:09 PM,,,2,,,,,,,