collision-id,report-number,report-version,is-preliminary,ncic-code,crash-date-time,crash-time-description,beat,city-id,city-code,city-name,county-code,city-is-active,city-is-incorporated,collision-type-code,collision-type-description,collision-type-other-desc,day-of-week,dispatch-notified,has-photographs,hit-run,is-attachments-mailed,is-deleted,is-highway-related,is-tow-away,judicial-district,motor-vehicle-involved-with-code,motor-vehicle-involved-with-desc,motor-vehicle-involved-with-other-desc,number-injured,number-killed,lighting-code,lighting-description,latitude,longitude,milepost-direction,milepost-distance,milepost-marker,milepost-unit-of-measure,pedestrian-action-code,pedestrian-action-desc,prepared-date,primary-collision-factor-code,primary-collision-factor-description,primary-collision-factor-is-cited,primary-collision-party-number,primary-road,reporting-district,reporting-district-code,reviewed-date,roadway-surface-code,secondary-direction,secondary-distance,secondary-road,secondary-unit-of-measure,sketch-desc,traffic-control-device-code,created-date,modified-date,is-county-road,is-freeway,chp-555-version,is-additonal-object-struck,notification-date,notification-time-description,has-digital-media-files,evidence-number,is-location-refer-to-narrative,is-aoi-one-same-as-location
2659840,22-033137,2,False,0109,7/20/2022 5:01:00 PM,1701,11X,14,109,Oakland,1,True,True,D,BROADSIDE,,Wednesday,,,,,False,False,False,,C,OTHER MOTOR VEHICLE,,0,0,A,DAYLIGHT,,,,,,,A,NO PEDESTRIANS INVOLVED,,A,21801A,,1,TELEGRAPH AV,1,,,A,,,56TH ST,,,A,7/25/2024 8:48:39 PM,1/28/2025 4:43:17 PM,,,2,,,,,,,
2659839,22-030125,2,False,0109,7/2/2022 10:59:00 AM,1059,01X,14,109,Oakland,1,True,True,D,BROADSIDE,,Saturday,,,M,,False,False,False,,C,OTHER MOTOR VEHICLE,,0,0,A,DAYLIGHT,,,,,,,A,NO PEDESTRIANS INVOLVED,,A,22107,,1,2ND ST,1,,,A,,,FRANKLIN ST,,,D,7/25/2024 8:48:39 PM,1/28/2025 4:43:17 PM,,,2,,,,,,,
2659838,22-033436,2,False,0109,7/22/2022 3:38:00 PM,1538,32X,14,109,Oakland,1,True,True,H,OTHER,,Friday,,,,,False,False,False,,C,OTHER MOTOR VEHICLE,,0,0,A,DAYLIGHT,,,,,,,A,NO PEDESTRIANS INVOLVED,,A,22106,,1,INTERNATIONAL BL,2,,,A,E,20.0,10TH AV,F,,A,7/25/2024 8:48:39 PM,1/28/2025 4:43:17 PM,,,2,,,,,,,
2659837,22-033245,2,False,0109,7/21/2022 10:59:00 AM,1059,08X,14,109,Oakland,1,True,True,C,REAR END,,Thursday,,,M,,False,False,False,,C,OTHER MOTOR VEHICLE,,0,0,A,DAYLIGHT,,,,,,,A,NO PEDESTRIANS INVOLVED,,A,22107,,1,BROADWAY ST,1,,,A,,,30TH ST,,,A,7/25/2024 8:48:39 PM,1/28/2025 4:43:17 PM,,,2,,,,,,,
2659836,22-033282,2,False,0109,7/21/2022 3:19:00 PM,1519,04X,14,109,Oakland,1,True,True,D,BROADSIDE,,Thursday,,,,,False,False,True,,C,OTHER MOTOR VEHICLE,,0,0,A,DAYLIGHT,,,,,,,A,NO PEDESTRIANS INVOLVED,,A,21453A,,1,14TH ST,1,,,A,,,HARRISON ST,,,A,7/25/2024 8:48:39 PM,1/28/2025 4:43:17 PM,,,2,,,,,,,
2659835,22-030578,2,False,0109,7/5/2022 1:30:00 AM,130,19X,14,109,Oakland,1,True,True,A,HEAD-ON,,Tuesday,,,M,,False,False,False,,I,FIXED OBJECT,,0,0,C,DARK-STREET LIGHTS,,,,,,,A,NO PEDESTRIANS INVOLVED,,A,22107,,1,EMBARCADERO,1,,,A,W,500.0,16TH AV,F,,D,7/25/2024 8:48:38 PM,1/28/2025 4:43:17 PM,,,2,,,,,,,
2659834,22-030255,2,False,0109,7/3/2022 3:30:00 AM,330,30X,14,109,Oakland,1,True,True,D,BROADSIDE,,Sunday,,,M,,False,False,False,,E,PARKED MOTOR VEHICLE,,0,0,C,DARK-STREET LIGHTS,,,,,,,A,NO PEDESTRIANS INVOLVED,,A,22107,,1,ARTHUR ST,2,,,A,,,DASHWOOD AV,,,A,7/25/2024 8:48:38 PM,1/28/2025 4:43:17 PM,,,2,,,,,,,
2659833,22-030002,2,False,0109,7/1/2022 5:20:00 PM,1720,17X,14,109,Oakland,1,True,True,B,SIDE SWIPE,,Friday,,,,,False,False,False,,E,PARKED MOTOR VEHICLE,,0,0,A,DAYLIGHT,,,,,,,A,NO PEDESTRIANS INVOLVED,,A,22350,,1,13TH AV,1,,,A,N,25.0,E 28TH ST,F,,D,7/25/2024 8:48:38 PM,1/28/2025 4:43:17 PM,,,2,,,,,,,
2659832,22-031922,2,False,0109,7/13/2022 12:35:00 AM,35,30X,14,109,Oakland,1,True,True,E,HIT OBJECT,,Wednesday,,,M,,False,False,False,,I,FIXED OBJECT,,0,0,C,DARK-STREET LIGHTS,,,,,,,A,NO PEDESTRIANS INVOLVED,,A,22107,,1,BANCROFT AV,2,,,A,E,5.0,77TH AV,F,,A,7/25/2024 8:48:38 PM,1/28/2025 4:43:17 PM,,,2,,,,,,,
2659831,22-032051,2,False,0109,7/13/2022 9:39:00 PM,2139,19X,14,109,Oakland,1,True,True,D,BROADSIDE,,Wednesday,,,,,False,False,False,,C,OTHER MOTOR VEHICLE,,0,0,C,DARK-STREET LIGHTS,,,,,,,A,NO PEDESTRIANS INVOLVED,,A,22450A,,1,FOOTHILL BL,1,,,A,,,21ST AV,,,A,7/25/2024 8:48:38 PM,1/28/2025 4:43:17 PM,,,2,,,,,,,
2659830,22031743,2,False,0109,7/11/2022 5:10:00 PM,1710,31X,14,109,Oakland,1,True,True,B,SIDE SWIPE,,Monday,,,M,,False,False,False,,C,OTHER MOTOR VEHICLE,,0,0,A,DAYLIGHT,,,,,,,A,NO PEDESTRIANS INVOLVED,,A,22107,,1,HEGENBERGER RD,2,,,A,N,325.0,EDGEWATER DR,F,,D,7/25/2024 8:48:38 PM,1/28/2025 4:43:17 PM,,,2,,,,,,,
2659829,22031096,2,False,0109,7/7/2022 9:57:00 PM,2157,31X,14,109,Oakland,1,True,True,B,SIDE SWIPE,,Thursday,,,,,False,False,False,,C,OTHER MOTOR VEHICLE,,0,0,C,DARK-STREET LIGHTS,,,,,,,A,NO PEDESTRIANS INVOLVED,,A,22107,,1,HEGENBERGER RD,2,,,A,,,BALDWIN ST,,,A,7/25/2024 8:48:38 PM,1/28/2025 4:43:17 PM,,,2,,,,,,,
2659828,22031611,2,False,0109,7/11/2022 8:03:00 AM,803,27X,14,109,Oakland,1,True,True,D,BROADSIDE,,Monday,,,,,False,False,False,,C,OTHER MOTOR VEHICLE,,0,0,A,DAYLIGHT,,,,,,,A,NO PEDESTRIANS INVOLVED,,A,22450A,,,MONTICELLO AV,2,,,A,,,VICKSBURG AV,,,D,7/25/2024 8:48:38 PM,1/28/2025 4:43:17 PM,,,2,,,,,,,
2659827,22031173,2,False,0109,7/8/2022 10:15:00 AM,1015,35X,14,109,Oakland,1,True,True,B,SIDE SWIPE,,Friday,,,,,False,False,False,,E,PARKED MOTOR VEHICLE,,0,0,A,DAYLIGHT,,,,,,,A,NO PEDESTRIANS INVOLVED,,A,22106,,1,BROADMOOR  VIEW,2,,,A,W,100.0,MALCOM AV,F,,D,7/25/2024 8:48:38 PM,1/28/2025 4:43:17 PM,,,2,,,,,,,
2659799,22-032563,2,False,0109,7/17/2022 1:30:00 AM,130,23X,14,109,Oakland,1,True,True,H,OTHER,,Sunday,,,,,False,False,True,,J,OTHER OBJECT,,0,0,C,DARK-STREET LIGHTS,,,,,,,A,NO PEDESTRIANS INVOLVED,,A,22107,,1,INTERNATIONAL BL,2,,,A,E,10.0,40TH AV,F,,D,7/25/2024 8:48:35 PM,1/28/2025 4:43:15 PM,,,2,,,,,,,
2659798,22-031041,2,False,0109,7/7/2022 10:00:00 AM,1000,06X,14,109,Oakland,1,True,True,C,REAR END,,Thursday,,,M,,False,False,False,,C,OTHER MOTOR VEHICLE,,0,0,A,DAYLIGHT,,,,,,,A,NO PEDESTRIANS INVOLVED,,A,22350,,1,SAN PABLO AV,1,,,A,,,MEAD AV,,,A,7/25/2024 8:48:35 PM,1/28/2025 4:43:15 PM,,,2,,,,,,,
2659797,22-034282,2,False,0109,7/28/2022 8:25:00 AM,825,27X,14,109,Oakland,1,True,True,D,BROADSIDE,,Thursday,,,M,,False,False,False,,C,OTHER MOTOR VEHICLE,,0,0,A,DAYLIGHT,,,,,,,A,NO PEDESTRIANS INVOLVED,,A,22450A,,1,BROOKDALE AV,2,,,A,,,MONTICELLO AV,,,A,7/25/2024 8:48:35 PM,1/28/2025 4:43:15 PM,,,2,,,,,,,
2659796,22-033807,2,False,0109,7/25/2022 1:07:00 AM,107,33X,14,109,Oakland,1,True,True,A,HEAD-ON,,Monday,,,M,,False,False,True,,E,PARKED MOTOR VEHICLE,,0,0,B,DUSK-DAWN,,,,,,,A,NO PEDESTRIANS INVOLVED,,A,22107,,1,92ND AV,2,,,A,N,50.0,A ST,F,,D,7/25/2024 8:48:35 PM,1/28/2025 4:43:14 PM,,,2,,,,,,,
2659795,22-033699,2,False,0109,7/24/2022 9:45:00 AM,945,11X,14,109,Oakland,1,True,True,D,BROADSIDE,,Sunday,,,M,,False,False,False,,C,OTHER MOTOR VEHICLE,,0,0,A,DAYLIGHT,,,,,,,A,NO PEDESTRIANS INVOLVED,,A,21453A,,1,55TH ST,1,,,A,,,MARTIN LUTHER KING JR WY,,,A,7/25/2024 8:48:34 PM,1/28/2025 4:43:14 PM,,,2,,,,,,,
2659794,22-033004,2,False,0109,7/19/2022 9:34:00 PM,2134,31X,14,109,Oakland,1,True,True,D,BROADSIDE,,Tuesday,,,M,,False,False,False,,C,OTHER MOTOR VEHICLE,,0,0,C,DARK-STREET LIGHTS,,,,,,,A,NO PEDESTRIANS INVOLVED,,A,22107,,1,HEGENBERGER RD,2,,,A,S,50.0,EDGEWATER DR,F,,A,7/25/2024 8:48:34 PM,1/28/2025 4:43:14 PM,,,2,,,,,,,
2659793,22-032653,2,False,0109,7/17/2022 9:55:00 PM,2155,33X,14,109,Oakland,1,True,True,D,BROADSIDE,,Sunday,,,,,False,False,False,,E,PARKED MOTOR VEHICLE,,0,0,C,DARK-STREET LIGHTS,,,,,,,A,NO PEDESTRIANS INVOLVED,,A,22107,,1,93RD AV,2,,,A,E,20.0,B ST,F,,D,7/25/2024 8:48:34 PM,1/28/2025 4:43:14 PM,,,2,,,,,,,
2659792,22-032500,2,False,0109,7/16/2022 5:18:00 PM,1718,02Y,14,109,Oakland,1,True,True,A,HEAD-ON,,Saturday,,,,,False,False,False,,C,OTHER MOTOR VEHICLE,,0,0,A,DAYLIGHT,,,,,,,A,NO PEDESTRIANS INVOLVED,,A,21453A,,1,HARRISON ST,1,,,A,,,9TH ST,,,A,7/25/2024 8:48:34 PM,1/28/2025 4:43:14 PM,,,2,,,,,,,
2658928,22-006051,2,False,0109,2/7/2022 2:02:00 AM,202,32X,14,109,Oakland,1,True,True,D,BROADSIDE,,Monday,,,,,False,False,True,,C,OTHER MOTOR VEHICLE,,0,0,C,DARK-STREET LIGHTS,,,,,,,A,NO PEDESTRIANS INVOLVED,,A,21453A,,1,98TH AV,2,,,A,,,B ST,,,A,7/25/2024 8:46:42 PM,1/28/2025 4:42:17 PM,,,2,,,,,,,
2658854,22-014862,2,False,0109,3/30/2022 5:40:00 PM,1740,17X,14,109,Oakland,1,True,True,D,BROADSIDE,,Wednesday,,,,,False,False,True,,C,OTHER MOTOR VEHICLE,,0,0,A,DAYLIGHT,,,,,,,A,NO PEDESTRIANS INVOLVED,,A,23152A,,1,BEAUMONT AV,1,,,A,,,MACARTHUR BL,,,A,7/25/2024 8:46:32 PM,1/28/2025 4:42:12 PM,,,2,,,,,,,
2658852,22-012979,2,False,0109,3/19/2022 6:06:00 AM,606,27X,14,109,Oakland,1,True,True,C,REAR END,,Saturday,,,,,False,False,False,,E,PARKED MOTOR VEHICLE,,0,0,A,DAYLIGHT,,,,,,,A,NO PEDESTRIANS INVOLVED,,A,22107,,1,HIGH ST,2,,,B,N,50.0,BOND ST,F,,A,7/25/2024 8:46:32 PM,1/28/2025 4:42:11 PM,,,2,,,,,,,
2658793,22-007385,2,False,0109,2/14/2022 7:09:00 PM,1909,11X,14,109,Oakland,1,True,True,D,BROADSIDE,,Monday,,,,,False,False,True,,C,OTHER MOTOR VEHICLE,,1,0,C,DARK-STREET LIGHTS,,,,,,,A,NO PEDESTRIANS INVOLVED,,A,21802A,,1,SHATTUCK AV,1,,,A,,,AILEEN ST,,,A,7/25/2024 8:46:25 PM,1/28/2025 4:42:07 PM,,,2,,,,,,,
2658792,22-006969,2,False,0109,2/12/2022 2:23:00 AM,223,32X,14,109,Oakland,1,True,True,A,HEAD-ON,,Saturday,,,,,False,False,True,,E,PARKED MOTOR VEHICLE,,4,0,C,DARK-STREET LIGHTS,,,,,,,A,NO PEDESTRIANS INVOLVED,,A,22350,,1,MACARTHUR BL,2,,,A,E,26.0,TRUMAN AV,F,,D,7/25/2024 8:46:25 PM,1/28/2025 4:42:07 PM,,,2,,,,,,,
2658791,212-007635,2,False,0109,2/16/2022 8:06:00 AM,806,19X,14,109,Oakland,1,True,True,D,BROADSIDE,,Wednesday,,,,,False,False,False,,C,OTHER MOTOR VEHICLE,,1,0,A,DAYLIGHT,,,,,,,A,NO PEDESTRIANS INVOLVED,,A,22450A,,1,6TH AV,1,,,A,,,INTERNATIONAL BL,,,D,7/25/2024 8:46:25 PM,1/28/2025 4:42:07 PM,,,2,,,,,,,
2658790,22-009619,2,False,0109,2/28/2022 9:16:00 AM,916,23X,14,109,Oakland,1,True,True,G,VEHICLE/PEDESTRAIN,,Monday,,,,,False,False,False,,B,PEDESTRIAN,,1,0,A,DAYLIGHT,,,,,,,D,CROSSING - NOT IN CROSSWALK,,A,21954A,,1,35TH AV,2,,,A,N,70.0,INTERNATIONAL BL,F,,D,7/25/2024 8:46:25 PM,1/28/2025 4:42:07 PM,,,2,,,,,,,
2658789,22-009133,2,False,0109,2/24/2022 5:00:00 PM,1700,12Y,14,109,Oakland,1,True,True,G,VEHICLE/PEDESTRAIN,,Thursday,,,,,False,False,False,,B,PEDESTRIAN,,1,0,A,DAYLIGHT,,,,,,,B,CROSSING IN CROSS WALK AT INTERSECTION,,A,21950A,,1,51ST ST,1,,,A,,,TELERGRAPH AV,,,A,7/25/2024 8:46:25 PM,1/28/2025 4:42:07 PM,,,2,,,,,,,
2658788,22-008680,2,False,0109,2/22/2022 9:35:00 AM,935,31X,14,109,Oakland,1,True,True,C,REAR END,,Tuesday,,,M,,False,False,False,,C,OTHER MOTOR VEHICLE,,1,0,A,DAYLIGHT,,,,,,,A,NO PEDESTRIANS INVOLVED,,A,22350,,1,66TH AV,2,,,A,N,55.0,COLISEUM WY,F,,A,7/25/2024 8:46:25 PM,1/28/2025 4:42:07 PM,,,2,,,,,,,
2658787,22-009062,2,False,0109,2/24/2022 1:39:00 PM,1339,08X,14,109,Oakland,1,True,True,G,VEHICLE/PEDESTRAIN,,Thursday,,,,,False,False,False,,B,PEDESTRIAN,,1,0,A,DAYLIGHT,,,,,,,E,IN ROAD - INCLUDES SHOULDER,,C,,,,34TH ST,1,,,A,,,34TH ST 327,,,C,7/25/2024 8:46:25 PM,1/28/2025 4:42:07 PM,,,2,,,,,,,
2658786,22-005699,2,False,0109,2/4/2022 6:04:00 PM,1804,24Y,14,109,Oakland,1,True,True,D,BROADSIDE,,Friday,,,,,False,False,True,,C,OTHER MOTOR VEHICLE,,1,0,B,DUSK-DAWN,,,,,,,A,NO PEDESTRIANS INVOLVED,,A,21804A,,1,35TH AV,2,,,A,S,100.0,PENNIMAN AV,F,,A,7/25/2024 8:46:25 PM,1/28/2025 4:42:07 PM,,,2,,,,,,,
2658785,22-007826,2,False,0109,2/17/2022 9:35:00 AM,935,05X,14,109,Oakland,1,True,True,B,SIDE SWIPE,,Thursday,,,,,False,False,False,,E,PARKED MOTOR VEHICLE,,1,0,A,DAYLIGHT,,,,,,,A,NO PEDESTRIANS INVOLVED,,A,22107,,1,W GRAND AV,1,,,A,E,265.0,MARKET ST,F,,D,7/25/2024 8:46:25 PM,1/28/2025 4:42:07 PM,,,2,,,,,,,
2658784,22-008574,2,False,0109,2/21/2022 3:57:00 PM,1557,24X,14,109,Oakland,1,True,True,D,BROADSIDE,,Monday,,,M,,False,False,False,,C,OTHER MOTOR VEHICLE,,1,0,A,DAYLIGHT,,,,,,,A,NO PEDESTRIANS INVOLVED,,A,21460A,,1,35TH AV,2,,,A,,,DAVIS ST,,,A,7/25/2024 8:46:24 PM,1/28/2025 4:42:06 PM,,,2,,,,,,,
2658776,22-008059,2,False,0109,2/18/2022 12:36:00 PM,1236,08X,14,109,Oakland,1,True,True,G,VEHICLE/PEDESTRAIN,,Friday,,,M,,False,False,False,,B,PEDESTRIAN,,1,0,A,DAYLIGHT,,,,,,,B,CROSSING IN CROSS WALK AT INTERSECTION,,A,21950A,,1,27TH ST,1,,,A,,,TELEGRAPH AV,,,A,7/25/2024 8:46:20 PM,1/28/2025 4:42:06 PM,,,2,,,,,,,
2658637,22-021583,2,False,0109,5/10/2022 7:00:00 AM,700,35X,14,109,Oakland,1,True,True,B,SIDE SWIPE,,Tuesday,,,M,,False,False,False,,E,PARKED MOTOR VEHICLE,,0,0,A,DAYLIGHT,,,,,,,A,NO PEDESTRIANS INVOLVED,,A,22107,,1,90TH AV,2,,,A,S,100.0,BANCROFT AV,F,,D,7/25/2024 8:46:00 PM,1/28/2025 4:41:57 PM,,,2,,,,,,,
2658603,22-017691,2,False,0109,4/16/2022 3:28:00 PM,1528,05X,14,109,Oakland,1,True,True,D,BROADSIDE,,Saturday,,,,,False,False,False,,C,OTHER MOTOR VEHICLE,,1,0,A,DAYLIGHT,,,,,,,A,NO PEDESTRIANS INVOLVED,,A,21802A,,1,BANCROFT AV,1,,,A,,,48TH AV,,,A,7/25/2024 8:45:56 PM,1/28/2025 4:41:54 PM,,,2,,,,,,,
2658487,22-012645,2,False,0109,3/17/2022 5:47:00 AM,547,19X,14,109,Oakland,1,True,True,G,VEHICLE/PEDESTRAIN,,Thursday,,,,,False,False,False,,B,PEDESTRIAN,,1,0,B,DUSK-DAWN,,,,,,,E,IN ROAD - INCLUDES SHOULDER,,A,21954A,,1,22ND AV,1,,,A,,,E 12TH ST,,,D,7/25/2024 8:45:42 PM,1/28/2025 4:41:46 PM,,,2,,,,,,,
2658486,22-010944,2,False,0109,3/7/2022 8:12:00 PM,2012,02X,14,109,Oakland,1,True,True,D,BROADSIDE,,Monday,,,,,False,False,True,,C,OTHER MOTOR VEHICLE,,1,0,C,DARK-STREET LIGHTS,,,,,,,A,NO PEDESTRIANS INVOLVED,,A,21801A,,1,7TH ST,1,,,A,,,WILLOW ST,,,D,7/25/2024 8:45:42 PM,1/28/2025 4:41:46 PM,,,2,,,,,,,
2658485,22-011320,2,False,0109,3/9/2022 4:08:00 PM,1608,,14,109,Oakland,1,True,True,C,REAR END,,Wednesday,,,,,False,False,False,,C,OTHER MOTOR VEHICLE,,1,0,A,DAYLIGHT,,,,,,,A,NO PEDESTRIANS INVOLVED,,A,22350,,1,73RD AV,2,,,A,N,100.0,INTERNATIONAL BL,F,,A,7/25/2024 8:45:42 PM,1/28/2025 4:41:46 PM,,,2,,,,,,,
2658484,22-013822,2,False,0109,3/24/2022 11:17:00 AM,1117,27X,14,109,Oakland,1,True,True,C,REAR END,,Thursday,,,,,False,False,False,,C,OTHER MOTOR VEHICLE,,1,0,A,DAYLIGHT,,,,,,,A,NO PEDESTRIANS INVOLVED,,A,22350,,1,FOOTHILL BL,2,,,A,E,20.0,48TH AV,F,,A,7/25/2024 8:45:42 PM,1/28/2025 4:41:46 PM,,,2,,,,,,,
2658336,22-028121,2,False,0109,6/19/2022 9:44:00 PM,2144,18X,14,109,Oakland,1,True,True,D,BROADSIDE,,Sunday,,,,,False,False,False,,C,OTHER MOTOR VEHICLE,,2,0,C,DARK-STREET LIGHTS,,,,,,,A,NO PEDESTRIANS INVOLVED,,A,21802A,,1,21ST AV,1,,,A,,,E 19TH ST,,,A,7/25/2024 8:45:22 PM,1/28/2025 4:41:35 PM,,,2,,,,,,,
2658334,22-027022,2,False,0109,6/12/2022 5:45:00 PM,1745,10Y,14,109,Oakland,1,True,True,D,BROADSIDE,,Sunday,,,M,,False,False,False,,G,BICYCLE,,1,0,A,DAYLIGHT,,,,,,,A,NO PEDESTRIANS INVOLVED,,A,21802A,,1,ADELINE ST,1,,,A,,,61ST ST,,,A,7/25/2024 8:45:22 PM,1/28/2025 4:41:35 PM,,,2,,,,,,,
2658268,22-016731,2,False,0109,4/11/2022 8:29:00 AM,829,32Y,14,109,Oakland,1,True,True,B,SIDE SWIPE,,Monday,,,M,,False,False,False,,E,PARKED MOTOR VEHICLE,,0,0,A,DAYLIGHT,,,,,,,A,NO PEDESTRIANS INVOLVED,,A,22107,,1,BANCROFT AV,2,,,B,W,200.0,99TH AV,F,,D,7/25/2024 8:45:13 PM,1/28/2025 4:41:30 PM,,,2,,,,,,,
2658267,22-016699,2,False,0109,4/10/2022 9:25:00 PM,2125,35X,14,109,Oakland,1,True,True,E,HIT OBJECT,,Sunday,,,,,False,False,True,,I,FIXED OBJECT,,0,0,C,DARK-STREET LIGHTS,,,,,,,A,NO PEDESTRIANS INVOLVED,,A,22107,,1,98TH AV,2,,,A,S,30.0,BURR ST,F,,D,7/25/2024 8:45:13 PM,1/28/2025 4:41:30 PM,,,2,,,,,,,
2658266,22-016731,2,False,0109,4/11/2022 8:29:00 AM,829,32Y,14,109,Oakland,1,True,True,B,SIDE SWIPE,,Monday,,,M,,False,False,False,,E,PARKED MOTOR VEHICLE,,0,0,A,DAYLIGHT,,,,,,,A,NO PEDESTRIANS INVOLVED,,A,22107,,1,BANCROFT AV,2,,,B,W,200.0,99TH AV,F,,D,7/25/2024 8:45:13 PM,1/28/2025 4:41:30 PM,,,2,,,,,,,
2658265,22-015349,2,False,0109,4/2/2022 2:30:00 PM,1430,24X,14,109,Oakland,1,True,True,B,SIDE SWIPE,,Saturday,,,M,,False,False,False,,C,OTHER MOTOR VEHICLE,,0,0,A,DAYLIGHT,,,,,,,A,NO PEDESTRIANS INVOLVED,,A,22350,,1,COOLIDGE AV,2,,,A,N,1000.0,FOOTHILL BL,F,,D,7/25/2024 8:45:13 PM,1/28/2025 4:41:30 PM,,,2,,,,,,,
2658232,22-019663,2,False,0109,4/22/2022 7:00:00 PM,1900,23X,14,109,Oakland,1,True,True,D,BROADSIDE,,Friday,,,M,,False,False,False,,C,OTHER MOTOR VEHICLE,,0,0,A,DAYLIGHT,,,,,,,A,NO PEDESTRIANS INVOLVED,,A,21453A,,1,FOOTHILL BL,2,,,A,,,41ST AV,,,A,7/25/2024 8:45:08 PM,1/28/2025 4:41:28 PM,,,2,,,,,,,
2658231,22-056440,2,False,0109,12/8/2022 5:38:00 AM,538,21X,14,109,Oakland,1,True,True,C,REAR END,,Thursday,,,,,False,False,False,,C,OTHER MOTOR VEHICLE,,0,0,A,DAYLIGHT,,,,,,,A,NO PEDESTRIANS INVOLVED,,A,23152A,,1,FRUITVALE AV,2,,,A,N,100.0,FOOTHILL BL,F,,A,7/25/2024 8:45:08 PM,1/28/2025 4:41:27 PM,,,2,,,,,,,
2658175,22-055853,2,False,0109,12/4/2022 5:46:00 PM,1746,19X,14,109,Oakland,1,True,True,E,HIT OBJECT,,Sunday,,,,,False,False,False,,J,OTHER OBJECT,,0,0,C,DARK-STREET LIGHTS,,,,,,,E,IN ROAD - INCLUDES SHOULDER,,B,,,1,E 15TH ST,1,,,B,E,64.0,LAKESHORE AV,F,,D,7/25/2024 8:45:00 PM,1/28/2025 4:41:24 PM,,,2,,,,,,,
2658174,22-044015,2,False,0109,9/26/2022 11:30:00 PM,2330,03X,14,109,Oakland,1,True,True,E,HIT OBJECT,,Monday,,,,,False,False,False,,I,FIXED OBJECT,,0,0,C,DARK-STREET LIGHTS,,,,,,,A,NO PEDESTRIANS INVOLVED,,B,,,1,BROADWAY,1,,,A,,,11TH ST,,,A,7/25/2024 8:45:00 PM,1/28/2025 4:41:23 PM,,,2,,,,,,,
2658172,22-056539,2,False,0109,12/8/2022 6:00:00 PM,1800,19X,14,109,Oakland,1,True,True,C,REAR END,,Thursday,,,,,False,False,False,,E,PARKED MOTOR VEHICLE,,0,0,C,DARK-STREET LIGHTS,,,,,,,A,NO PEDESTRIANS INVOLVED,,B,,,1,3RD AV,1,,,B,S,60.0,E 12TH ST,F,,D,7/25/2024 8:45:00 PM,1/28/2025 4:41:23 PM,,,2,,,,,,,
2658171,22-052471,2,False,0109,11/14/2022 4:29:00 PM,1629,04X,14,109,Oakland,1,True,True,D,BROADSIDE,,Monday,,,,,False,False,False,,C,OTHER MOTOR VEHICLE,,0,0,A,DAYLIGHT,,,,,,,A,NO PEDESTRIANS INVOLVED,,B,,,1,19TH ST,1,,,A,W,20.0,BROADWAY,F,,A,7/25/2024 8:45:00 PM,1/28/2025 4:41:23 PM,,,2,,,,,,,
2658170,22-049374,2,False,0109,10/27/2022 11:30:00 AM,1130,20X,14,109,Oakland,1,True,True,B,SIDE SWIPE,,Thursday,,,,,False,False,False,,E,PARKED MOTOR VEHICLE,,0,0,A,DAYLIGHT,,,,,,,A,NO PEDESTRIANS INVOLVED,,B,,,1,E 10TH AV,2,,,A,W,66.0,FRUITVALE AV,F,,D,7/25/2024 8:45:00 PM,1/28/2025 4:41:23 PM,,,2,,,,,,,
2658168,22-048757,2,False,0109,10/23/2022 6:41:00 PM,1841,34X,14,109,Oakland,1,True,True,B,SIDE SWIPE,,Sunday,,,,,False,False,False,,E,PARKED MOTOR VEHICLE,,0,0,A,DAYLIGHT,,,,,,,A,NO PEDESTRIANS INVOLVED,,B,,,1,85TH AV,2,,,A,S,55.0,BANCROFT AV,F,,A,7/25/2024 8:44:59 PM,1/28/2025 4:41:23 PM,,,2,,,,,,,
2658073,22-058098,2,False,0109,12/17/2022 5:11:00 PM,1711,31X,14,109,Oakland,1,True,True,A,HEAD-ON,,Saturday,,,,,False,False,False,,I,FIXED OBJECT,,2,0,C,DARK-STREET LIGHTS,,,,,,,A,NO PEDESTRIANS INVOLVED,,A,22107,,1,HEGENBERGER RD,2,,,A,,,SAN LEANDRO ST,,,D,7/25/2024 8:44:47 PM,1/28/2025 4:41:17 PM,,,2,,,,,,,
2658029,22-054211,2,False,0109,11/24/2022 9:46:00 PM,2146,10X,14,109,Oakland,1,True,True,A,HEAD-ON,,Thursday,,,,,False,False,False,,C,OTHER MOTOR VEHICLE,,0,0,C,DARK-STREET LIGHTS,,,,,,,A,NO PEDESTRIANS INVOLVED,,A,21453C,,1,MLK JR WY,1,,,A,,,52ND ST,,,A,7/25/2024 8:44:41 PM,1/28/2025 4:41:13 PM,,,2,,,,,,,
2658027,22-052663,2,False,0109,11/15/2022 5:06:00 PM,1706,10X,14,109,Oakland,1,True,True,A,HEAD-ON,,Tuesday,,,,,False,False,False,,C,OTHER MOTOR VEHICLE,,0,0,C,DARK-STREET LIGHTS,,,,,,,A,NO PEDESTRIANS INVOLVED,,A,22107,,1,55TH ST,1,,,A,N,5.0,MARTIN LUTHER KING JR WY,F,,A,7/25/2024 8:44:41 PM,1/28/2025 4:41:13 PM,,,2,,,,,,,
2658016,22-058908,2,False,0109,12/22/2022 4:54:00 PM,1654,30X,14,109,Oakland,1,True,True,D,BROADSIDE,,Thursday,,,,,False,False,False,,C,OTHER MOTOR VEHICLE,,1,0,B,DUSK-DAWN,,,,,,,A,NO PEDESTRIANS INVOLVED,,A,21453A,,1,73RD AV,2,,,A,,,BANCROFT AV,,,A,7/25/2024 8:44:39 PM,1/28/2025 4:41:13 PM,,,2,,,,,,,
2658013,22-056700,2,False,0109,12/9/2022 3:10:00 PM,1510,11X,14,109,Oakland,1,True,True,C,REAR END,,Friday,,,,,False,False,True,,C,OTHER MOTOR VEHICLE,,1,0,A,DAYLIGHT,,,,,,,A,NO PEDESTRIANS INVOLVED,,A,21651A,,1,TELEGRAPH AV,1,,,A,,,56TH ST,,,A,7/25/2024 8:44:39 PM,1/28/2025 4:41:12 PM,,,2,,,,,,,
2658009,22-054587,2,False,0109,11/27/2022 10:50:00 AM,1050,15X,14,109,Oakland,1,True,True,D,BROADSIDE,,Sunday,,,,,False,False,True,,C,OTHER MOTOR VEHICLE,,2,0,A,DAYLIGHT,,,,,,,A,NO PEDESTRIANS INVOLVED,,A,21453A,,,MACARTHUR BL,1,,,A,,,PARK BL,,,A,7/25/2024 8:44:39 PM,1/28/2025 4:41:12 PM,,,2,,,,,,,