collision-id,report-number,report-version,is-preliminary,ncic-code,crash-date-time,crash-time-description,beat,city-id,city-code,city-name,county-code,city-is-active,city-is-incorporated,collision-type-code,collision-type-description,collision-type-other-desc,day-of-week,dispatch-notified,has-photographs,hit-run,is-attachments-mailed,is-deleted,is-highway-related,is-tow-away,judicial-district,motor-vehicle-involved-with-code,motor-vehicle-involved-with-desc,motor-vehicle-involved-with-other-desc,number-injured,number-killed,lighting-code,lighting-description,latitude,longitude,milepost-direction,milepost-distance,milepost-marker,milepost-unit-of-measure,pedestrian-action-code,pedestrian-action-desc,prepared-date,primary-collision-factor-code,primary-collision-factor-description,primary-collision-factor-is-cited,primary-collision-party-number,primary-road,reporting-district,reporting-district-code,reviewed-date,roadway-surface-code,secondary-direction,secondary-distance,secondary-road,secondary-unit-of-measure,sketch-desc,traffic-control-device-code,created-date,modified-date,is-county-road,is-freeway,chp-555-version,is-additonal-object-struck,notification-date,notification-time-description,has-digital-media-files,evidence-number,is-location-refer-to-narrative,is-aoi-one-same-as-location
2660318,22006314,2,False,0109,2/8/2022 4:06:00 PM,1606,27X,14,109,Oakland,1,True,True,E,HIT OBJECT,,Tuesday,,,,,False,False,False,,I,FIXED OBJECT,,0,0,A,DAYLIGHT,,,,,,,A,NO PEDESTRIANS INVOLVED,,A,22106,,1,INTERNATIONAL BL,2,,,A,,,61ST AV,,,D,7/25/2024 8:49:43 PM,1/28/2025 4:43:51 PM,,,2,,,,,,,
2660317,22-007039,2,False,0109,2/12/2022 4:10:00 PM,1610,27Y,14,109,Oakland,1,True,True,D,BROADSIDE,,Saturday,,,,,False,False,False,,E,PARKED MOTOR VEHICLE,,0,0,A,DAYLIGHT,,,,,,,A,NO PEDESTRIANS INVOLVED,,A,22107,,1,62ND AV,1,,,A,N,20.0,HARMON AV,F,,A,7/25/2024 8:49:43 PM,1/28/2025 4:43:51 PM,,,2,,,,,,,
2660316,22007326,2,False,0109,2/14/2022 1:09:00 PM,1309,02X,14,109,Oakland,1,True,True,D,BROADSIDE,,Monday,,,,,False,False,False,,C,OTHER MOTOR VEHICLE,,0,0,A,DAYLIGHT,,,,,,,A,NO PEDESTRIANS INVOLVED,,A,21802A,,1,14TH ST,1,,,A,,,CENTER ST,,,A,7/25/2024 8:49:43 PM,1/28/2025 4:43:51 PM,,,2,,,,,,,
2660315,22008026,2,False,0109,2/18/2022 10:30:00 AM,1030,19X,14,109,Oakland,1,True,True,C,REAR END,,Friday,,,,,False,False,False,,C,OTHER MOTOR VEHICLE,,0,0,A,DAYLIGHT,,,,,,,A,NO PEDESTRIANS INVOLVED,,A,22350,,1,E 12TH ST,1,,,A,E,55.0,16TH AV,F,,A,7/25/2024 8:49:42 PM,1/28/2025 4:43:51 PM,,,2,,,,,,,
2660294,22-014386,2,False,0109,3/28/2022 12:45:00 AM,45,13X,14,109,Oakland,1,True,True,C,REAR END,,Monday,,,M,,False,False,True,,C,OTHER MOTOR VEHICLE,,2,0,C,DARK-STREET LIGHTS,,,,,,,A,NO PEDESTRIANS INVOLVED,,A,23152A,,1,OCEAN VIEW DR,1,,,B,,,MARGARIDO DR,,,D,7/25/2024 8:49:40 PM,1/28/2025 4:43:49 PM,,,2,,,,,,,
2660293,22-014058,2,False,0109,3/25/2022 9:00:00 PM,2100,27X,14,109,Oakland,1,True,True,D,BROADSIDE,,Friday,,,M,,False,False,False,,C,OTHER MOTOR VEHICLE,,1,0,C,DARK-STREET LIGHTS,,,,,,,A,NO PEDESTRIANS INVOLVED,,A,22107,,1,INTERNATIONAL BL,2,,,A,E,198.0,45TH AV,F,,D,7/25/2024 8:49:40 PM,1/28/2025 4:43:49 PM,,,2,,,,,,,
2660292,22-013384,2,False,0109,3/22/2022 6:28:00 PM,1828,03X,14,109,Oakland,1,True,True,D,BROADSIDE,,Tuesday,,,,,False,False,False,,C,OTHER MOTOR VEHICLE,,1,0,A,DAYLIGHT,,,,,,,A,NO PEDESTRIANS INVOLVED,,A,21453A,,1,14TH ST,1,,,A,S,20.0,WEBSTER ST,F,,A,7/25/2024 8:49:40 PM,1/28/2025 4:43:49 PM,,,2,,,,,,,
2660291,22-014900,2,False,0109,3/30/2022 8:48:00 PM,2048,26X,14,109,Oakland,1,True,True,D,BROADSIDE,,Wednesday,,,M,,False,False,True,,C,OTHER MOTOR VEHICLE,,1,0,C,DARK-STREET LIGHTS,,,,,,,A,NO PEDESTRIANS INVOLVED,,A,21802A,,1,INTERNATIONAL BL,2,,,A,,,64TH AV,,,D,7/25/2024 8:49:39 PM,1/28/2025 4:43:49 PM,,,2,,,,,,,
2660072,22-030467,2,False,0109,7/4/2022 3:42:00 PM,1542,31Z,14,109,Oakland,1,True,True,D,BROADSIDE,,Monday,,,,,False,False,False,,C,OTHER MOTOR VEHICLE,,1,0,A,DAYLIGHT,,,,,,,A,NO PEDESTRIANS INVOLVED,,A,22450A,,1,105TH AV,2,,,A,,,RUSSET ST,,,A,7/25/2024 8:49:10 PM,1/28/2025 4:43:33 PM,,,2,,,,,,,
2660071,22-030109,2,False,0109,7/2/2022 8:15:00 AM,815,31X,14,109,Oakland,1,True,True,E,HIT OBJECT,,Saturday,,,,,False,False,False,,I,FIXED OBJECT,,1,0,A,DAYLIGHT,,,,,,,A,NO PEDESTRIANS INVOLVED,,A,22107,,1,DOOLITTLE DR,2,,,B,S,0.2,SWAN WY,M,,D,7/25/2024 8:49:10 PM,1/28/2025 4:43:33 PM,,,2,,,,,,,
2660069,22-032771,2,False,0109,7/18/2022 4:18:00 PM,1618,29X,14,109,Oakland,1,True,True,C,REAR END,,Monday,,,M,,False,False,False,,C,OTHER MOTOR VEHICLE,,2,0,A,DAYLIGHT,,,,,,,A,NO PEDESTRIANS INVOLVED,,A,22350,,1,SEMINARY AV,2,,,A,N,5.0,OUTLOOK AV,F,,A,7/25/2024 8:49:10 PM,1/28/2025 4:43:33 PM,,,2,,,,,,,
2660068,22-032761,2,False,0109,7/18/2022 3:32:00 PM,1532,14X,14,109,Oakland,1,True,True,G,VEHICLE/PEDESTRAIN,,Monday,,,,,False,False,False,,B,PEDESTRIAN,,1,0,A,DAYLIGHT,,,,,,,B,CROSSING IN CROSS WALK AT INTERSECTION,,A,21950A,,1,27TH ST,1,,,A,,,HARRISON ST,,,A,7/25/2024 8:49:10 PM,1/28/2025 4:43:33 PM,,,2,,,,,,,
2660027,22-029518,2,False,0109,6/28/2022 8:23:00 PM,2023,27X,14,109,Oakland,1,True,True,H,OTHER,,Tuesday,,,M,,False,False,False,,C,OTHER MOTOR VEHICLE,,3,0,B,DUSK-DAWN,,,,,,,A,NO PEDESTRIANS INVOLVED,,A,22106,,1,47TH AV,2,,,A,N,90.0,SAN LEANDRO BL,F,,D,7/25/2024 8:49:04 PM,1/28/2025 4:43:30 PM,,,2,,,,,,,
2660026,22-028140,2,False,0109,6/20/2022 1:14:00 AM,114,29X,14,109,Oakland,1,True,True,E,HIT OBJECT,,Monday,,,,,False,False,True,,I,FIXED OBJECT,,1,0,C,DARK-STREET LIGHTS,,,,,,,A,NO PEDESTRIANS INVOLVED,,A,22107,,1,SEMINARY AV,2,,,A,N,200.0,OUTLOOK AV,F,,D,7/25/2024 8:49:04 PM,1/28/2025 4:43:30 PM,,,2,,,,,,,
2660025,22-028019,2,False,0109,6/19/2022 2:12:00 AM,212,07X,14,109,Oakland,1,True,True,C,REAR END,,Sunday,,,,,False,False,False,,C,OTHER MOTOR VEHICLE,,1,0,C,DARK-STREET LIGHTS,,,,,,,A,NO PEDESTRIANS INVOLVED,,A,21453A,,1,W GRAND AV,1,,,A,,,MARKET AV,,,A,7/25/2024 8:49:03 PM,1/28/2025 4:43:30 PM,,,2,,,,,,,
2660024,22-026560,2,False,0109,6/10/2022 10:26:00 PM,2226,27X,14,109,Oakland,1,True,True,G,VEHICLE/PEDESTRAIN,,Friday,,,M,,False,False,False,,B,PEDESTRIAN,,1,0,C,DARK-STREET LIGHTS,,,,,,,E,IN ROAD - INCLUDES SHOULDER,,A,22107,,1,INTERNATIONAL BL,2,,,A,W,20.0,77TH AV,F,,A,7/25/2024 8:49:03 PM,1/28/2025 4:43:30 PM,,,2,,,,,,,
2660023,22-029517,2,False,0109,6/28/2022 8:10:00 PM,2010,30X,14,109,Oakland,1,True,True,D,BROADSIDE,,Tuesday,,,,,False,False,False,,C,OTHER MOTOR VEHICLE,,1,0,A,DAYLIGHT,,,,,,,A,NO PEDESTRIANS INVOLVED,,A,22450A,,1,OLIVE ST,2,,,A,,,81ST AV,,,A,7/25/2024 8:49:03 PM,1/28/2025 4:43:30 PM,,,2,,,,,,,
2680005,22-014303,2,False,0109,3/27/2022 1:43:00 PM,1343,26X,14,109,Oakland,1,True,True,A,HEAD-ON,,Sunday,,,,,False,False,False,,C,OTHER MOTOR VEHICLE,,1,0,A,DAYLIGHT,,,,,,,A,NO PEDESTRIANS INVOLVED,,A,22350,,1,COLISEUM WY,2,,,A,W,10.0,JULIE ANN WY,F,,D,7/25/2024 10:07:24 PM,1/29/2025 8:42:45 AM,,,2,,,,,,,
2680002,22-018701,2,False,0109,4/23/2022 4:28:00 AM,428,02X,14,109,Oakland,1,True,True,B,SIDE SWIPE,,Saturday,,,,,False,False,False,,E,PARKED MOTOR VEHICLE,,1,0,C,DARK-STREET LIGHTS,,,,,,,A,NO PEDESTRIANS INVOLVED,,A,22107,,1,EMBARCADERO WEST,1,,,A,W,300.0,MARKET ST,F,,D,7/25/2024 10:07:23 PM,1/29/2025 8:42:44 AM,,,3,,,,,,,
2679997,22-019729,2,False,0109,4/29/2022 11:38:00 AM,1138,01X,14,109,Oakland,1,True,True,B,SIDE SWIPE,,Friday,,,,,False,False,False,,C,OTHER MOTOR VEHICLE,,0,0,A,DAYLIGHT,,,,,,,A,NO PEDESTRIANS INVOLVED,,A,22107,,1,5TH ST,1,,,A,,,BROADWAY,,,A,7/25/2024 10:07:23 PM,1/29/2025 8:42:44 AM,,,2,,,,,,,
2679994,2204217,2,False,0109,9/2/2022 1:07:00 PM,1307,29X,14,109,Oakland,1,True,True,F,OVERTURNED,,Friday,,,,,False,False,False,,E,PARKED MOTOR VEHICLE,,0,0,A,DAYLIGHT,,,,,,,A,NO PEDESTRIANS INVOLVED,,A,22107,,1,60TH AV,2,,,A,S,15.0,CAMDEN ST,F,,D,7/25/2024 10:07:22 PM,1/29/2025 8:42:44 AM,,,2,,,,,,,
2679993,22-019012,2,False,0109,4/25/2022 7:55:00 AM,755,26X,14,109,Oakland,1,True,True,C,REAR END,,Monday,,,,,False,False,False,,C,OTHER MOTOR VEHICLE,,0,0,A,DAYLIGHT,,,,,,,A,NO PEDESTRIANS INVOLVED,,A,22350,,1,SAN LEANDRO ST,2,,,A,E,40.0,66TH AV,F,,A,7/25/2024 10:07:22 PM,1/29/2025 8:42:44 AM,,,2,,,,,,,
2679990,22039907,2,False,0109,9/3/2022 7:04:00 PM,1904,31X,14,109,Oakland,1,True,True,B,SIDE SWIPE,,Saturday,,,,,False,False,False,,C,OTHER MOTOR VEHICLE,,0,0,A,DAYLIGHT,,,,,,,A,NO PEDESTRIANS INVOLVED,,A,22107,,1,EDGEWATER DR,2,,,A,E,70.0,HEGENBERGER RD,F,,D,7/25/2024 10:07:22 PM,1/29/2025 8:42:44 AM,,,2,,,,,,,
2679989,22042326,2,False,0109,9/14/2022 6:45:00 PM,1845,26X,14,109,Oakland,1,True,True,B,SIDE SWIPE,,Wednesday,,,,,False,False,False,,C,OTHER MOTOR VEHICLE,,0,0,A,DAYLIGHT,,,,,,,A,NO PEDESTRIANS INVOLVED,,A,22107,,1,OAKPORT ST,2,,,A,E,200.0,HIGH ST,F,,D,7/25/2024 10:07:22 PM,1/29/2025 8:42:44 AM,,,2,,,,,,,
2679984,22-042828,2,False,0109,9/18/2022 4:42:00 PM,1642,03X,14,109,Oakland,1,True,True,A,HEAD-ON,,Sunday,,,,,False,False,False,,B,PEDESTRIAN,,1,0,A,DAYLIGHT,,,,,,,B,CROSSING IN CROSS WALK AT INTERSECTION,,A,21950A,,1,11TH ST,1,,,B,,,HARRISON ST,,,A,7/25/2024 10:07:21 PM,1/29/2025 8:42:44 AM,,,2,,,,,,,
2679979,20-29847,2,False,0109,6/18/2022 10:00:00 PM,2200,06X,14,109,Oakland,1,True,True,G,VEHICLE/PEDESTRAIN,,Saturday,,,M,,False,False,False,,C,OTHER MOTOR VEHICLE,,0,0,C,DARK-STREET LIGHTS,,,,,,,B,CROSSING IN CROSS WALK AT INTERSECTION,,A,21453A,,1,SAN PABLO AV,1,,,A,,,27TH ST,,,A,7/25/2024 10:07:20 PM,1/29/2025 8:42:44 AM,,,2,,,,,,,
2679976,22-032346,2,False,0109,7/15/2022 4:16:00 PM,1616,23X,14,109,Oakland,1,True,True,A,HEAD-ON,,Friday,,,M,,False,False,True,,C,OTHER MOTOR VEHICLE,,1,0,A,DAYLIGHT,,,,,,,A,NO PEDESTRIANS INVOLVED,,A,21651A,,1,FOOTHILL BL,2,,,A,W,25.0,COURTLAND AV,F,,A,7/25/2024 10:07:20 PM,1/29/2025 8:42:44 AM,,,2,,,,,,,
2679971,22-026344,2,False,0109,6/8/2022 2:55:00 PM,1455,08X,14,109,Oakland,1,True,True,G,VEHICLE/PEDESTRAIN,,Wednesday,,,M,,False,False,True,,C,OTHER MOTOR VEHICLE,,0,0,A,DAYLIGHT,,,,,,,A,NO PEDESTRIANS INVOLVED,,A,22106,,1,29TH ST,1,,,A,,,TELEGRAPH AV,,,D,7/25/2024 10:07:19 PM,1/29/2025 8:42:43 AM,,,2,,,,,,,
2679967,22041572,2,False,0109,9/10/2022 5:50:00 PM,1750,25X,14,109,Oakland,1,True,True,C,REAR END,,Saturday,,,M,,False,False,False,,E,PARKED MOTOR VEHICLE,,0,0,C,DARK-STREET LIGHTS,,,,,,,A,NO PEDESTRIANS INVOLVED,,A,22107,,1,81ST AV,2,,,A,E,440.0,INTERNATIONAL BL,F,,D,7/25/2024 10:07:18 PM,1/29/2025 8:42:43 AM,,,2,,,,,,,
2679963,22-041445,2,False,0109,9/10/2022 4:01:00 AM,401,35Y,14,109,Oakland,1,True,True,D,BROADSIDE,,Saturday,,,M,,False,False,True,,C,OTHER MOTOR VEHICLE,,1,0,C,DARK-STREET LIGHTS,,,,,,,A,NO PEDESTRIANS INVOLVED,,A,21453A,,1,98TH AV,2,,,A,,,MACARTHUR BL,,,A,7/25/2024 10:07:18 PM,1/29/2025 8:42:43 AM,,,2,,,,,,,
2679814,22-034804,2,False,0109,7/31/2022 12:25:00 PM,1225,20X,14,109,Oakland,1,True,True,H,OTHER,,Sunday,,,,,False,False,False,,G,BICYCLE,,1,0,A,DAYLIGHT,,,,,,,A,NO PEDESTRIANS INVOLVED,,A,22517,,1,28TH AV,2,,,A,S,75.0,FOOTHILL BL,F,,D,7/25/2024 10:06:55 PM,1/29/2025 8:42:39 AM,,,2,,,,,,,
2679812,22-033770,2,False,0109,7/24/2022 6:15:00 PM,1815,25X,14,109,Oakland,1,True,True,A,HEAD-ON,,Sunday,,,,,False,False,False,,C,OTHER MOTOR VEHICLE,,1,0,A,DAYLIGHT,,,,,,,A,NO PEDESTRIANS INVOLVED,,D,,,,STEELE ST,2,,,A,E,30.0,HIGH ST,F,,A,7/25/2024 10:06:54 PM,1/29/2025 8:42:39 AM,,,2,,,,,,,
2679561,22-037609,2,False,0109,8/18/2022 12:02:00 AM,2,20X,14,109,Oakland,1,True,True,C,REAR END,,Thursday,,,M,,False,False,True,,C,OTHER MOTOR VEHICLE,,1,0,C,DARK-STREET LIGHTS,,,,,,,F,NOT IN ROAD,,A,22350,,1,27TH AV,2,,,A,S,10.0,FOOTHILL BL,F,,A,7/25/2024 10:06:14 PM,1/29/2025 8:42:31 AM,,,2,,,,,,,
2679560,22-038059,2,False,0109,8/20/2022 4:20:00 PM,1620,20X,14,109,Oakland,1,True,True,D,BROADSIDE,,Saturday,,,F,,False,False,False,,C,OTHER MOTOR VEHICLE,,1,0,A,DAYLIGHT,,,,,,,A,NO PEDESTRIANS INVOLVED,,A,21453A,,1,23RD AV,2,,,A,,,FOOTHILL BL,,,A,7/25/2024 10:06:14 PM,1/29/2025 8:42:31 AM,,,2,,,,,,,
2679559,22-039535,2,False,0109,8/29/2022 4:49:00 PM,1649,05X,14,109,Oakland,1,True,True,B,SIDE SWIPE,,Monday,,,M,,False,False,False,,C,OTHER MOTOR VEHICLE,,1,0,A,DAYLIGHT,,,,,,,A,NO PEDESTRIANS INVOLVED,,A,22107,,1,34TH ST,1,,,A,,,LOUISE ST,,,A,7/25/2024 10:06:14 PM,1/29/2025 8:42:31 AM,,,2,,,,,,,
2679558,22-037253,2,False,0109,8/15/2022 7:30:00 PM,1930,15X,14,109,Oakland,1,True,True,D,BROADSIDE,,Monday,,,,,False,False,False,,C,OTHER MOTOR VEHICLE,,1,0,B,DUSK-DAWN,,,,,,,A,NO PEDESTRIANS INVOLVED,,A,21453A,,1,PARK BL,1,,,A,,,CHATHAM RD,,,A,7/25/2024 10:06:13 PM,1/29/2025 8:42:31 AM,,,2,,,,,,,
2679557,22-036280,2,False,0109,8/9/2022 3:53:00 PM,1553,24Y,14,109,Oakland,1,True,True,D,BROADSIDE,,Tuesday,,,,,False,False,False,,C,OTHER MOTOR VEHICLE,,1,0,A,DAYLIGHT,,,,,,,A,NO PEDESTRIANS INVOLVED,,A,21801A,,1,HIGH ST,1,,,A,,,PENNIMAN AV,,,D,7/25/2024 10:06:13 PM,1/29/2025 8:42:31 AM,,,2,,,,,,,
2679556,22-038195,2,False,0109,8/22/2022 7:49:00 PM,1949,33X,14,109,Oakland,1,True,True,D,BROADSIDE,,Monday,,,,,False,False,False,,C,OTHER MOTOR VEHICLE,,1,0,A,DAYLIGHT,,,,,,,A,NO PEDESTRIANS INVOLVED,,A,21453A,,1,96TH AV,2,,,A,,,INTERNATIONAL BL,,,A,7/25/2024 10:06:13 PM,1/29/2025 8:42:31 AM,,,2,,,,,,,
2679555,22-038188,2,False,0109,8/21/2022 2:30:00 PM,1430,35Y,14,109,Oakland,1,True,True,A,HEAD-ON,,Sunday,,,,,False,False,True,,I,FIXED OBJECT,,1,0,A,DAYLIGHT,,,,,,,A,NO PEDESTRIANS INVOLVED,,A,22107,,1,SKYLINE BL,2,,,A,W,0.5,GREEN VALLEY RD,M,,D,7/25/2024 10:06:13 PM,1/29/2025 8:42:31 AM,,,2,,,,,,,
2679554,22-038707,2,False,0109,8/24/2022 1:51:00 PM,1351,18X,14,109,Oakland,1,True,True,E,HIT OBJECT,,Wednesday,,,,,False,False,False,,J,OTHER OBJECT,,1,0,A,DAYLIGHT,,,,,,,A,NO PEDESTRIANS INVOLVED,,A,22107,,1,14TH AV,1,,,A,S,70.0,E 21ST ST,F,,D,7/25/2024 10:06:13 PM,1/29/2025 8:42:31 AM,,,2,,,,,,,
2679553,22-039412,2,False,0109,8/28/2022 5:30:00 PM,1730,19X,14,109,Oakland,1,True,True,A,HEAD-ON,,Sunday,,,,,False,False,True,,C,OTHER MOTOR VEHICLE,,1,0,A,DAYLIGHT,,,,,,,A,NO PEDESTRIANS INVOLVED,,A,22450A,,1,FOOTHILL BL,1,,,A,,,4TH AV,,,A,7/25/2024 10:06:13 PM,1/29/2025 8:42:31 AM,,,2,,,,,,,
2679552,22-036542,2,False,0109,8/11/2022 8:26:00 AM,826,06X,14,109,Oakland,1,True,True,D,BROADSIDE,,Thursday,,,,,False,False,False,,C,OTHER MOTOR VEHICLE,,1,0,A,DAYLIGHT,,,,,,,A,NO PEDESTRIANS INVOLVED,,A,21453A,,1,35TH ST,1,,,A,,,WEST ST,,,A,7/25/2024 10:06:12 PM,1/29/2025 8:42:30 AM,,,2,,,,,,,
2679551,22-038051,2,False,0109,8/20/2022 3:20:00 PM,1520,16Y,14,109,Oakland,1,True,True,F,OVERTURNED,,Saturday,,,,,False,False,True,,I,FIXED OBJECT,,1,0,A,DAYLIGHT,,,,,,,A,NO PEDESTRIANS INVOLVED,,A,22107,,1,PARK BL,1,,,A,S,50.0,GLENFIELD AV,F,,A,7/25/2024 10:06:12 PM,1/29/2025 8:42:31 AM,,,2,,,,,,,
2679550,22-039849,2,False,0109,8/31/2022 12:11:00 PM,1211,21X,14,109,Oakland,1,True,True,D,BROADSIDE,,Wednesday,,,,,False,False,True,,C,OTHER MOTOR VEHICLE,,1,0,A,DAYLIGHT,,,,,,,A,NO PEDESTRIANS INVOLVED,,A,21801A,,1,FRUITVALE AV,2,,,A,,,NICOL AV,,,D,7/25/2024 10:06:12 PM,1/29/2025 8:42:31 AM,,,2,,,,,,,
2679549,22-034959,2,False,0109,8/1/2022 11:53:00 AM,1153,03Y,14,109,Oakland,1,True,True,G,VEHICLE/PEDESTRAIN,,Monday,,,,,False,False,False,,G,BICYCLE,,1,0,A,DAYLIGHT,,,,,,,E,IN ROAD - INCLUDES SHOULDER,,A,21453A,,1,HARRISON ST,1,,,A,,,12TH ST,,,A,7/25/2024 10:06:12 PM,1/29/2025 8:42:30 AM,,,2,,,,,,,
2679548,22-036631,2,False,0109,8/11/2022 5:51:00 PM,1751,16X,14,109,Oakland,1,True,True,B,SIDE SWIPE,,Thursday,,,,,False,False,False,,C,OTHER MOTOR VEHICLE,,1,0,A,DAYLIGHT,,,,,,,A,NO PEDESTRIANS INVOLVED,,A,21801A,,1,BEAUMONT AV,1,,,A,,,CHATHAM RD,,,A,7/25/2024 10:06:12 PM,1/29/2025 8:42:31 AM,,,2,,,,,,,
2679547,22-038831,2,False,0109,8/25/2022 7:53:00 AM,753,24X,14,109,Oakland,1,True,True,C,REAR END,,Thursday,,,,,False,False,False,,C,OTHER MOTOR VEHICLE,,1,0,A,DAYLIGHT,,,,,,,A,NO PEDESTRIANS INVOLVED,,A,22350,,1,FOOTHILL BL,2,,,A,E,50.0,40TH AV,F,,A,7/25/2024 10:06:12 PM,1/29/2025 8:42:30 AM,,,2,,,,,,,
2679546,22-038080,2,False,0109,8/20/2022 7:41:00 PM,1941,03X,14,109,Oakland,1,True,True,D,BROADSIDE,,Saturday,,,,,False,False,False,,C,OTHER MOTOR VEHICLE,,1,0,B,DUSK-DAWN,,,,,,,A,NO PEDESTRIANS INVOLVED,,A,21453,,1,13TH ST,1,,,A,,,JACKSON ST,,,A,7/25/2024 10:06:11 PM,1/29/2025 8:42:30 AM,,,2,,,,,,,
2679545,22-039476,2,False,0109,8/29/2022 7:56:00 AM,756,35X,14,109,Oakland,1,True,True,G,VEHICLE/PEDESTRAIN,,Monday,,,,,False,False,False,,B,PEDESTRIAN,,1,0,A,DAYLIGHT,,,,,,,F,NOT IN ROAD,,A,22106,,1,90TH AV,2,,,A,N,30.0,BANCROFT AV,F,,D,7/25/2024 10:06:11 PM,1/29/2025 8:42:30 AM,,,2,,,,,,,
2679544,22-038917,2,False,0109,8/25/2022 3:55:00 PM,1555,09X,14,109,Oakland,1,True,True,A,HEAD-ON,,Thursday,,,,,False,False,False,,G,BICYCLE,,1,0,A,DAYLIGHT,,,,,,,A,NO PEDESTRIANS INVOLVED,,A,216501,,1,OAKLAND AV,1,,,A,N,25.0,SANTA CLARA AV,F,,A,7/25/2024 10:06:11 PM,1/29/2025 8:42:30 AM,,,2,,,,,,,
2679543,22-038228,2,False,0109,8/21/2022 8:47:00 PM,2047,26X,14,109,Oakland,1,True,True,E,HIT OBJECT,,Sunday,,,,,False,False,True,,I,FIXED OBJECT,,2,0,D,DARK-NO STREET LIGHTS,,,,,,,A,NO PEDESTRIANS INVOLVED,,A,22350,,1,OAKPORT ST,2,,,A,W,50.0,66TH AV,F,,D,7/25/2024 10:06:11 PM,1/29/2025 8:42:30 AM,,,2,,,,,,,
2679542,22-038577,2,False,0109,8/23/2022 5:16:00 PM,1716,03X,14,109,Oakland,1,True,True,G,VEHICLE/PEDESTRAIN,,Tuesday,,,,,False,False,False,,B,PEDESTRIAN,,1,0,A,DAYLIGHT,,,,,,,B,CROSSING IN CROSS WALK AT INTERSECTION,,A,21950A,,1,MADISON ST,1,,,A,,,7TH ST,,,A,7/25/2024 10:06:11 PM,1/29/2025 8:42:30 AM,,,2,,,,,,,
2679541,22-039640,2,False,0109,8/30/2022 10:30:00 AM,1030,03X,14,109,Oakland,1,True,True,D,BROADSIDE,,Tuesday,,,,,False,False,False,,C,OTHER MOTOR VEHICLE,,1,0,A,DAYLIGHT,,,,,,,A,NO PEDESTRIANS INVOLVED,,A,21453A,,,7TH ST,1,,,A,,,JACKSON ST,,,A,7/25/2024 10:06:10 PM,1/29/2025 8:42:30 AM,,,2,,,,,,,
2679497,22-036486,2,False,0109,8/10/2022 6:51:00 PM,1851,34X,14,109,Oakland,1,True,True,A,HEAD-ON,,Wednesday,,,M,,False,False,False,,E,PARKED MOTOR VEHICLE,,0,0,B,DUSK-DAWN,,,,,,,A,NO PEDESTRIANS INVOLVED,,A,22107,,1,94TH AV,2,,,A,S,10.0,A ST,F,,D,7/25/2024 10:06:04 PM,1/29/2025 8:42:29 AM,,,2,,,,,,,
2679496,22-036385,2,False,0109,8/10/2022 5:00:00 AM,500,17X,14,109,Oakland,1,True,True,B,SIDE SWIPE,,Wednesday,,,M,,False,False,False,,C,OTHER MOTOR VEHICLE,,0,0,A,DAYLIGHT,,,,,,,A,NO PEDESTRIANS INVOLVED,,A,22107,,1,13TH AV,1,,,A,N,10.0,E 20TH AV,F,,D,7/25/2024 10:06:03 PM,1/29/2025 8:42:29 AM,,,2,,,,,,,
2679495,22-038631,2,False,0109,8/24/2022 3:00:00 AM,300,29X,14,109,Oakland,1,True,True,A,HEAD-ON,,Wednesday,,,M,,False,False,False,,C,OTHER MOTOR VEHICLE,,0,0,C,DARK-STREET LIGHTS,,,,,,,A,NO PEDESTRIANS INVOLVED,,A,22350,,1,72ND AV,2,,,A,N,20.0,MACARTHUR BL,F,,D,7/25/2024 10:06:03 PM,1/29/2025 8:42:29 AM,,,2,,,,,,,
2679494,22-038110,2,False,0109,8/21/2022 1:01:00 AM,101,25X,14,109,Oakland,1,True,True,B,SIDE SWIPE,,Sunday,,,M,,False,False,False,,E,PARKED MOTOR VEHICLE,,0,0,C,DARK-STREET LIGHTS,,,,,,,A,NO PEDESTRIANS INVOLVED,,A,22107,,1,BAYO ST,2,,,A,E,30.0,39TH ST,F,,D,7/25/2024 10:06:03 PM,1/29/2025 8:42:29 AM,,,2,,,,,,,
2679493,22-037630,2,False,0109,8/18/2022 5:39:00 AM,539,27Y,14,109,Oakland,1,True,True,A,HEAD-ON,,Thursday,,,M,,False,False,False,,C,OTHER MOTOR VEHICLE,,0,0,B,DUSK-DAWN,,,,,,,A,NO PEDESTRIANS INVOLVED,,A,21453A,,1,INTERNATIONAL BL,2,,,A,W,2.0,66TH AV,F,,A,7/25/2024 10:06:03 PM,1/29/2025 8:42:29 AM,,,2,,,,,,,
2679492,22-038807,2,False,0109,8/25/2022 12:28:00 AM,28,31Z,14,109,Oakland,1,True,True,E,HIT OBJECT,,Thursday,,,M,,False,False,False,,I,FIXED OBJECT,,0,0,C,DARK-STREET LIGHTS,,,,,,,A,NO PEDESTRIANS INVOLVED,,A,22107,,1,105TH AV,2,,,A,,,PIPPIN ST,,,D,7/25/2024 10:06:03 PM,1/29/2025 8:42:29 AM,,,2,,,,,,,
2679491,22-039333,2,False,0109,8/27/2022 11:00:00 PM,2300,22X,14,109,Oakland,1,True,True,C,REAR END,,Saturday,,,M,,False,False,False,,E,PARKED MOTOR VEHICLE,,0,0,C,DARK-STREET LIGHTS,,,,,,,A,NO PEDESTRIANS INVOLVED,,A,22107,,1,LINCOLN AV,2,,,A,S,1030.0,LINCOLN WY,F,,D,7/25/2024 10:06:03 PM,1/29/2025 8:42:29 AM,,,2,,,,,,,
2679490,22-039420,2,False,0109,8/28/2022 12:00:00 PM,1200,03X,14,109,Oakland,1,True,True,C,REAR END,,Sunday,,,M,,False,False,False,,E,PARKED MOTOR VEHICLE,,0,0,A,DAYLIGHT,,,,,,,A,NO PEDESTRIANS INVOLVED,,A,22107,,1,7TH ST,1,,,,W,138.0,WEBSTER ST,F,,D,7/25/2024 10:06:02 PM,1/29/2025 8:42:29 AM,,,2,,,,,,,
2679489,22-039874,2,False,0109,8/31/2022 3:50:00 PM,1550,29X,14,109,Oakland,1,True,True,D,BROADSIDE,,Wednesday,,,M,,False,False,False,,C,OTHER MOTOR VEHICLE,,0,0,A,DAYLIGHT,,,,,,,A,NO PEDESTRIANS INVOLVED,,A,22450A,,1,MACARTHUR BL,2,,,A,,,68TH AV,,,D,7/25/2024 10:06:02 PM,1/29/2025 8:42:28 AM,,,2,,,,,,,