collision-id,report-number,report-version,is-preliminary,ncic-code,crash-date-time,crash-time-description,beat,city-id,city-code,city-name,county-code,city-is-active,city-is-incorporated,collision-type-code,collision-type-description,collision-type-other-desc,day-of-week,dispatch-notified,has-photographs,hit-run,is-attachments-mailed,is-deleted,is-highway-related,is-tow-away,judicial-district,motor-vehicle-involved-with-code,motor-vehicle-involved-with-desc,motor-vehicle-involved-with-other-desc,number-injured,number-killed,lighting-code,lighting-description,latitude,longitude,milepost-direction,milepost-distance,milepost-marker,milepost-unit-of-measure,pedestrian-action-code,pedestrian-action-desc,prepared-date,primary-collision-factor-code,primary-collision-factor-description,primary-collision-factor-is-cited,primary-collision-party-number,primary-road,reporting-district,reporting-district-code,reviewed-date,roadway-surface-code,secondary-direction,secondary-distance,secondary-road,secondary-unit-of-measure,sketch-desc,traffic-control-device-code,created-date,modified-date,is-county-road,is-freeway,chp-555-version,is-additonal-object-struck,notification-date,notification-time-description,has-digital-media-files,evidence-number,is-location-refer-to-narrative,is-aoi-one-same-as-location
2675078,22-027344,2,False,0109,6/14/2022 7:11:00 PM,1911,23X,14,109,Oakland,1,True,True,D,BROADSIDE,,Tuesday,,,F,,False,False,False,,G,BICYCLE,,1,0,A,DAYLIGHT,,,,,,,A,NO PEDESTRIANS INVOLVED,,A,22450A,,1,E 12TH ST,2,,,A,,,39TH AV,,,A,7/25/2024 9:54:35 PM,1/29/2025 8:40:18 AM,,,2,,,,,,,
2675070,22-033484,2,False,0109,7/22/2022 10:43:00 PM,2243,,14,109,Oakland,1,True,True,B,SIDE SWIPE,,Friday,,,M,,False,False,False,,I,FIXED OBJECT,,0,0,D,DARK-NO STREET LIGHTS,,,,,,,A,NO PEDESTRIANS INVOLVED,,A,22107,,1,26TH AV,2,,,A,N,35.0,E 24TH ST,F,,D,7/25/2024 9:54:34 PM,1/29/2025 8:40:17 AM,,,2,,,,,,,
2675066,22-029767,2,False,0109,6/29/2022 1:30:00 PM,1330,05X,14,109,Oakland,1,True,True,A,HEAD-ON,,Wednesday,,,M,,False,False,False,,C,OTHER MOTOR VEHICLE,,0,0,A,DAYLIGHT,,,,,,,A,NO PEDESTRIANS INVOLVED,,A,22450A,,1,ADELINA COM,1,,,A,,,36TH ST,,,D,7/25/2024 9:54:33 PM,1/29/2025 8:40:17 AM,,,2,,,,,,,
2675062,22-026410,2,False,0109,6/8/2022 11:25:00 PM,2325,26X,14,109,Oakland,1,True,True,C,REAR END,,Wednesday,,,M,,False,False,False,,C,OTHER MOTOR VEHICLE,,0,0,C,DARK-STREET LIGHTS,,,,,,,A,NO PEDESTRIANS INVOLVED,,A,22350,,1,HIGH ST,2,,,A,S,30.0,SAN LEANDRO ST,F,,A,7/25/2024 9:54:33 PM,1/29/2025 8:40:17 AM,,,2,,,,,,,
2675058,22-020065,2,False,0109,5/1/2022 2:30:00 PM,1430,35X,14,109,Oakland,1,True,True,C,REAR END,,Sunday,,,M,,False,False,False,,C,OTHER MOTOR VEHICLE,,0,0,A,DAYLIGHT,,,,,,,A,NO PEDESTRIANS INVOLVED,,A,22350,,1,98TH AV,2,,,A,S,10.0,GOLF LINKS RD,F,,A,7/25/2024 9:54:32 PM,1/29/2025 8:40:17 AM,,,2,,,,,,,
2674902,22-032546,2,False,0109,7/17/2022 1:29:00 AM,129,25X,14,109,Oakland,1,True,True,C,REAR END,,Sunday,,,,,False,False,False,,C,OTHER MOTOR VEHICLE,,1,0,C,DARK-STREET LIGHTS,,,,,,,A,NO PEDESTRIANS INVOLVED,,A,22350,,1,MACARTHUR BL,2,,,A,W,5.0,HIGH ST,F,,A,7/25/2024 9:54:08 PM,1/29/2025 8:40:13 AM,,,2,,,,,,,
2674901,22-032496,2,False,0109,7/16/2022 4:15:00 PM,1615,20X,14,109,Oakland,1,True,True,G,VEHICLE/PEDESTRAIN,,Saturday,,,,,False,False,False,,B,PEDESTRIAN,,1,0,A,DAYLIGHT,,,,,,,D,CROSSING - NOT IN CROSSWALK,,A,21950A,,1,29TH AV,2,,,A,,,E 10TH AV,,,A,7/25/2024 9:54:07 PM,1/29/2025 8:40:13 AM,,,2,,,,,,,
2674900,22-032510,2,False,0109,7/16/2022 7:10:00 PM,1910,23X,14,109,Oakland,1,True,True,G,VEHICLE/PEDESTRAIN,,Saturday,,,M,,False,False,False,,B,PEDESTRIAN,,1,0,A,DAYLIGHT,,,,,,,C,CROSSING IN CROSS WALK - NOT AT INTERSECTION,,A,22350,,1,37TH AV,2,,,A,,,E 12TH ST,,,D,7/25/2024 9:54:07 PM,1/29/2025 8:40:13 AM,,,2,,,,,,,
2674899,22-031951,2,False,0109,7/13/2022 10:00:00 AM,1000,22X,14,109,Oakland,1,True,True,D,BROADSIDE,,Wednesday,,,,,False,False,False,,C,OTHER MOTOR VEHICLE,,1,0,A,DAYLIGHT,,,,,,,A,NO PEDESTRIANS INVOLVED,,A,21755,,1,MACARTHUR BL,2,,,A,W,40.0,LINCOLN AV,F,,D,7/25/2024 9:54:07 PM,1/29/2025 8:40:13 AM,,,2,,,,,,,
2674871,22-025049,2,False,0109,5/21/2022 2:00:00 PM,1400,32X,14,109,Oakland,1,True,True,D,BROADSIDE,,Saturday,,,,,False,False,False,,E,PARKED MOTOR VEHICLE,,0,0,A,DAYLIGHT,,,,,,,A,NO PEDESTRIANS INVOLVED,,A,22350,,1,MACARTHUR BL,2,,,A,W,20.0,TRUMAN AV,F,,D,7/25/2024 9:54:03 PM,1/29/2025 8:40:11 AM,,,2,,,,,,,
2674870,22-032699,2,False,0109,7/18/2022 5:33:00 AM,533,31Z,14,109,Oakland,1,True,True,B,SIDE SWIPE,,Monday,,,,,False,False,True,,E,PARKED MOTOR VEHICLE,,0,0,C,DARK-STREET LIGHTS,,,,,,,A,NO PEDESTRIANS INVOLVED,,C,,,,PIPPEN ST,2,,,A,W,62.0,105TH AV,F,,D,7/25/2024 9:54:02 PM,1/29/2025 8:40:11 AM,,,2,,,,,,,
2674867,22-028942,2,False,0109,6/25/2022 4:13:00 AM,413,23X,14,109,Oakland,1,True,True,D,BROADSIDE,,Saturday,,,,,False,False,True,,C,OTHER MOTOR VEHICLE,,1,0,B,DUSK-DAWN,,,,,,,A,NO PEDESTRIANS INVOLVED,,A,21453A,,1,FOOTHILL BL,2,,,A,W,10.0,HIGH ST,F,,A,7/25/2024 9:54:02 PM,1/29/2025 8:40:10 AM,,,2,,,,,,,
2674866,22034066,2,False,0109,7/26/2022 4:38:00 PM,1638,03X,14,109,Oakland,1,True,True,D,BROADSIDE,,Tuesday,,,,,False,False,False,,C,OTHER MOTOR VEHICLE,,0,0,A,DAYLIGHT,,,,,,,A,NO PEDESTRIANS INVOLVED,,A,21453A,,,9TH ST,1,,,A,,,HARRISON ST,,,A,7/25/2024 9:54:02 PM,1/29/2025 8:40:10 AM,,,2,,,,,,,
2674863,22-029452,2,False,0109,6/28/2022 12:34:00 PM,1234,19X,14,109,Oakland,1,True,True,D,BROADSIDE,,Tuesday,,,M,,False,False,False,,C,OTHER MOTOR VEHICLE,,0,0,A,DAYLIGHT,,,,,,,A,NO PEDESTRIANS INVOLVED,,A,22350,,1,INTERNATIONAL BL,1,,,A,,,3RD AV,,,A,7/25/2024 9:54:01 PM,1/29/2025 8:40:10 AM,,,2,,,,,,,
2674861,22-008593,2,False,0109,2/21/2022 6:28:00 PM,1828,34X,14,109,Oakland,1,True,True,D,BROADSIDE,,Monday,,,M,,False,False,True,,C,OTHER MOTOR VEHICLE,,0,0,C,DARK-STREET LIGHTS,,,,,,,A,NO PEDESTRIANS INVOLVED,,A,21651,,1,87TH AV,2,,,A,,,BANCROFT,,,D,7/25/2024 9:54:01 PM,1/29/2025 8:40:10 AM,,,2,,,,,,,
2674859,22-030453,2,False,0109,7/4/2022 1:48:00 PM,1348,11X,14,109,Oakland,1,True,True,D,BROADSIDE,,Monday,,,,,False,False,False,,C,OTHER MOTOR VEHICLE,,0,0,A,DAYLIGHT,,,,,,,A,NO PEDESTRIANS INVOLVED,,A,21453A,,1,55TH ST,1,,,A,,,MARTIN LUTHER KING JR WY,,,A,7/25/2024 9:54:00 PM,1/29/2025 8:40:10 AM,,,2,,,,,,,
2674858,22-003598,2,False,0109,1/23/2022 6:07:00 PM,1807,23X,14,109,Oakland,1,True,True,D,BROADSIDE,,Sunday,,,M,,False,False,True,,C,OTHER MOTOR VEHICLE,,0,0,B,DUSK-DAWN,,,,,,,A,NO PEDESTRIANS INVOLVED,,A,21453,,1,COLISEUM WY,2,,,A,,,HIGH ST,,,A,7/25/2024 9:54:00 PM,1/29/2025 8:40:10 AM,,,2,,,,,,,
2674854,22-026167,2,False,0109,6/7/2022 3:44:00 PM,1544,31Z,14,109,Oakland,1,True,True,C,REAR END,,Tuesday,,,M,,False,False,False,,B,PEDESTRIAN,,1,0,A,DAYLIGHT,,,,,,,B,CROSSING IN CROSS WALK AT INTERSECTION,,A,21950A,,1,ACALANES DR,2,,,A,,,105TH AV,,,A,7/25/2024 9:54:00 PM,1/29/2025 8:40:10 AM,,,2,,,,,,,
2674853,22-026621,2,False,0109,6/10/2022 9:04:00 AM,904,32X,14,109,Oakland,1,True,True,C,REAR END,,Friday,,,,,False,False,True,,E,PARKED MOTOR VEHICLE,,1,0,A,DAYLIGHT,,,,,,,A,NO PEDESTRIANS INVOLVED,,A,22107,,1,105TH AV,2,,,A,N,55.0,ROYAL ANN ST,F,,D,7/25/2024 9:54:00 PM,1/29/2025 8:40:10 AM,,,2,,,,,,,
2674852,22-015384,2,False,0109,4/2/2022 6:39:00 PM,1839,20X,14,109,Oakland,1,True,True,D,BROADSIDE,,Saturday,,,,,False,False,True,,C,OTHER MOTOR VEHICLE,,2,0,A,DAYLIGHT,,,,,,,A,NO PEDESTRIANS INVOLVED,,A,21655,,1,29TH AV,2,,,A,,,INTERNATIONAL BL,,,D,7/25/2024 9:53:59 PM,1/29/2025 8:40:10 AM,,,2,,,,,,,
2674849,22-008653,2,False,0109,2/22/2022 6:31:00 AM,631,02X,14,109,Oakland,1,True,True,A,HEAD-ON,,Tuesday,,,,,False,False,False,,C,OTHER MOTOR VEHICLE,,0,0,A,DAYLIGHT,,,,,,,A,NO PEDESTRIANS INVOLVED,,A,21453A,,1,7TH ST,1,,,A,,,BRUSH ST,,,A,7/25/2024 9:53:59 PM,1/29/2025 8:40:10 AM,,,2,,,,,,,
2674845,22-026881,2,False,0109,6/11/2022 8:59:00 PM,2059,30X,14,109,Oakland,1,True,True,A,HEAD-ON,,Saturday,,,M,,False,False,False,,E,PARKED MOTOR VEHICLE,,0,0,C,DARK-STREET LIGHTS,,,,,,,A,NO PEDESTRIANS INVOLVED,,A,22350,,1,BANCROFT AV,2,,,A,E,100.0,78TH AV,F,,D,7/25/2024 9:53:58 PM,1/29/2025 8:40:10 AM,,,2,,,,,,,
2674841,22-026754,2,False,0109,6/11/2022 12:10:00 AM,10,30Y,14,109,Oakland,1,True,True,B,SIDE SWIPE,,Saturday,,,,,False,False,False,,E,PARKED MOTOR VEHICLE,,0,0,C,DARK-STREET LIGHTS,,,,,,,A,NO PEDESTRIANS INVOLVED,,A,22107,,1,82ND AV,2,,,A,,,PARTRIDGE AV,,,A,7/25/2024 9:53:58 PM,1/29/2025 8:40:10 AM,,,2,,,,,,,
2674838,22-027311,2,False,0109,6/14/2022 3:52:00 PM,1552,24X,14,109,Oakland,1,True,True,B,SIDE SWIPE,,Tuesday,,,,,False,False,True,,C,OTHER MOTOR VEHICLE,,3,0,A,DAYLIGHT,,,,,,,A,NO PEDESTRIANS INVOLVED,,A,21703,,1,38TH AV,2,,,A,,,SAN JUAN ST,,,A,7/25/2024 9:53:57 PM,1/29/2025 8:40:10 AM,,,2,,,,,,,
2674835,22-027608,2,False,0109,6/16/2022 12:36:00 PM,1236,19X,14,109,Oakland,1,True,True,H,OTHER,,Thursday,,,,,False,False,False,,C,OTHER MOTOR VEHICLE,,0,0,A,DAYLIGHT,,,,,,,A,NO PEDESTRIANS INVOLVED,,A,22106,,1,14TH AV,1,,,A,S,5.0,E 12TH ST,F,,A,7/25/2024 9:53:57 PM,1/29/2025 8:40:09 AM,,,2,,,,,,,
2674831,22-027701,2,False,0109,6/17/2022 12:46:00 AM,46,34X,14,109,Oakland,1,True,True,D,BROADSIDE,,Friday,,,,,False,False,False,,C,OTHER MOTOR VEHICLE,,1,0,C,DARK-STREET LIGHTS,,,,,,,A,NO PEDESTRIANS INVOLVED,,A,21453A,,1,94TH AV,2,,,A,,,BANCROFT AV,,,A,7/25/2024 9:53:56 PM,1/29/2025 8:40:09 AM,,,2,,,,,,,
2674827,22-029481,2,False,0109,6/28/2022 4:10:00 PM,1610,34X,14,109,Oakland,1,True,True,B,SIDE SWIPE,,Tuesday,,,M,,False,False,False,,E,PARKED MOTOR VEHICLE,,0,0,A,DAYLIGHT,,,,,,,A,NO PEDESTRIANS INVOLVED,,A,22107,,1,BIRCH ST,2,,,A,E,50.0,92ND AV,F,,D,7/25/2024 9:53:56 PM,1/29/2025 8:40:09 AM,,,2,,,,,,,
2674824,22-029455,2,False,0109,6/28/2022 1:24:00 PM,1324,03X,14,109,Oakland,1,True,True,D,BROADSIDE,,Tuesday,,,,,False,False,True,,C,OTHER MOTOR VEHICLE,,1,0,A,DAYLIGHT,,,,,,,A,NO PEDESTRIANS INVOLVED,,A,21453A,,1,17TH ST,1,,,A,,,BRUSH ST,,,A,7/25/2024 9:53:55 PM,1/29/2025 8:40:09 AM,,,2,,,,,,,
2674819,22-030248,2,False,0109,7/3/2022 2:44:00 AM,244,30X,14,109,Oakland,1,True,True,D,BROADSIDE,,Sunday,,,M,,False,False,False,,E,PARKED MOTOR VEHICLE,,0,0,C,DARK-STREET LIGHTS,,,,,,,A,NO PEDESTRIANS INVOLVED,,A,22107,,1,WELD ST,2,,,A,,,73RD AV,,,A,7/25/2024 9:53:55 PM,1/29/2025 8:40:09 AM,,,2,,,,,,,
2674814,22-033729,2,False,0109,7/24/2022 1:26:00 PM,1326,26X,14,109,Oakland,1,True,True,D,BROADSIDE,,Sunday,,,M,,False,False,False,,C,OTHER MOTOR VEHICLE,,0,0,A,DAYLIGHT,,,,,,,A,NO PEDESTRIANS INVOLVED,,A,22350,,1,INTERNATIONAL BL,2,,,A,,,78TH AV,,,A,7/25/2024 9:53:54 PM,1/29/2025 8:40:09 AM,,,2,,,,,,,
2674812,22-026877,2,False,0109,6/11/2022 9:15:00 PM,2115,19X,14,109,Oakland,1,True,True,A,HEAD-ON,,Saturday,,,,,False,False,False,,C,OTHER MOTOR VEHICLE,,3,0,C,DARK-STREET LIGHTS,,,,,,,A,NO PEDESTRIANS INVOLVED,,A,21461A,,1,16TH AV,1,,,A,,,INTERNATIONAL BL,,,A,7/25/2024 9:53:54 PM,1/29/2025 8:40:09 AM,,,2,,,,,,,
2674807,22-030230,2,False,0109,7/3/2022 11:24:00 PM,2324,17X,14,109,Oakland,1,True,True,D,BROADSIDE,,Sunday,,,,,False,False,True,,C,OTHER MOTOR VEHICLE,,1,0,C,DARK-STREET LIGHTS,,,,,,,A,NO PEDESTRIANS INVOLVED,,A,21801A,,1,5TH AV,2,,,A,,,E 18TH ST,,,A,7/25/2024 9:53:53 PM,1/29/2025 8:40:09 AM,,,2,,,,,,,
2674802,22-032485,2,False,0109,7/16/2022 3:05:00 PM,1505,03Y,14,109,Oakland,1,True,True,B,SIDE SWIPE,,Saturday,,,,,False,False,False,,C,OTHER MOTOR VEHICLE,,0,0,A,DAYLIGHT,,,,,,,A,NO PEDESTRIANS INVOLVED,,A,22107,,1,HARRISON ST,1,,,A,S,100.0,6TH ST,F,,D,7/25/2024 9:53:52 PM,1/29/2025 8:40:09 AM,,,2,,,,,,,
2674799,22-032649,2,False,0109,7/17/2022 9:08:00 PM,2108,31X,14,109,Oakland,1,True,True,C,REAR END,,Sunday,,,M,,False,True,False,,C,OTHER MOTOR VEHICLE,,0,0,C,DARK-STREET LIGHTS,,,,,,,A,NO PEDESTRIANS INVOLVED,,A,22107,,1,HEGENBERGER RD,2,,,A,S,50.0,RT 880,F,,A,7/25/2024 9:53:52 PM,1/29/2025 8:40:08 AM,,,2,,,,,,,
2671599,22-031898,2,False,0109,7/13/2022 11:57:00 PM,2357,19X,14,109,Oakland,1,True,True,E,HIT OBJECT,,Wednesday,,,,,False,False,True,,I,FIXED OBJECT,,0,0,C,DARK-STREET LIGHTS,,,,,,,A,NO PEDESTRIANS INVOLVED,,A,22350,,1,23RD AV,1,,,A,N,60.0,E 7TH ST,F,,A,7/25/2024 9:46:03 PM,1/29/2025 8:38:33 AM,,,2,,,,,,,
2671193,22-031345,2,False,0109,7/9/2022 9:07:00 AM,907,17X,14,109,Oakland,1,True,True,D,BROADSIDE,,Saturday,,,M,,False,False,False,,C,OTHER MOTOR VEHICLE,,1,0,A,DAYLIGHT,,,,,,,A,NO PEDESTRIANS INVOLVED,,A,21453A,,1,BEAUMONT AV,1,,,A,,,MACARTHUR BL,,,A,7/25/2024 9:45:01 PM,1/29/2025 8:38:22 AM,,,2,,,,,,,
2671192,22-031739,2,False,0109,7/11/2022 11:34:00 PM,2334,26X,14,109,Oakland,1,True,True,B,SIDE SWIPE,,Monday,,,M,,False,False,True,,E,PARKED MOTOR VEHICLE,,1,0,C,DARK-STREET LIGHTS,,,,,,,A,NO PEDESTRIANS INVOLVED,,A,22107,,1,COURTLAND AV,2,,,A,N,130.0,FOOTHILL BL,F,,D,7/25/2024 9:45:01 PM,1/29/2025 8:38:22 AM,,,2,,,,,,,
2671191,22-029942,2,False,0109,7/1/2022 11:07:00 AM,1107,23X,14,109,Oakland,1,True,True,D,BROADSIDE,,Friday,,,M,,False,False,False,,C,OTHER MOTOR VEHICLE,,1,0,A,DAYLIGHT,,,,,,,A,NO PEDESTRIANS INVOLVED,,A,21453A,,1,HIGH ST,2,,,A,,,INTERNATIONAL BL,,,A,7/25/2024 9:45:01 PM,1/29/2025 8:38:22 AM,,,2,,,,,,,
2671190,22-030105,2,False,0109,7/2/2022 8:14:00 AM,814,35X,14,109,Oakland,1,True,True,B,SIDE SWIPE,,Saturday,,,M,,False,False,False,,C,OTHER MOTOR VEHICLE,,1,0,A,DAYLIGHT,,,,,,,A,NO PEDESTRIANS INVOLVED,,A,22350,,1,MACARTHUR BL,2,,,B,,,83RD AV,,,D,7/25/2024 9:45:01 PM,1/29/2025 8:38:22 AM,,,2,,,,,,,
2671188,22-030494,2,False,0109,7/4/2022 9:27:00 PM,2127,31X,14,109,Oakland,1,True,True,D,BROADSIDE,,Monday,,,,,False,False,False,,C,OTHER MOTOR VEHICLE,,1,0,C,DARK-STREET LIGHTS,,,,,,,A,NO PEDESTRIANS INVOLVED,,A,21460A,,1,EARHART DR,2,,,A,E,0.25,HARBOR BAY PKWY,M,,D,7/25/2024 9:45:00 PM,1/29/2025 8:38:22 AM,,,2,,,,,,,
2671187,22-030185,2,False,0109,7/2/2022 4:52:00 PM,1652,26X,14,109,Oakland,1,True,True,D,BROADSIDE,,Saturday,,,,,False,False,False,,C,OTHER MOTOR VEHICLE,,1,0,A,DAYLIGHT,,,,,,,A,NO PEDESTRIANS INVOLVED,,A,22107,,1,SAN LEANDRO ST,2,,,A,,,47TH AV,,,D,7/25/2024 9:45:00 PM,1/29/2025 8:38:22 AM,,,2,,,,,,,
2671186,22-032984,2,False,0109,7/19/2022 7:31:00 PM,1931,25Y,14,109,Oakland,1,True,True,H,OTHER,,Tuesday,,,,,False,False,True,,I,FIXED OBJECT,,1,0,B,DUSK-DAWN,,,,,,,A,NO PEDESTRIANS INVOLVED,,A,22107,,1,SKYLINE BL,2,,,A,E,1.0,REDWOOD RD,F,,D,7/25/2024 9:45:00 PM,1/29/2025 8:38:22 AM,,,2,,,,,,,
2690054,22-031626,2,False,0109,7/11/2022 9:29:00 AM,929,03X,14,109,Oakland,1,True,True,D,BROADSIDE,,Monday,,,,,False,False,False,,C,OTHER MOTOR VEHICLE,,0,0,A,DAYLIGHT,,,,,,,A,NO PEDESTRIANS INVOLVED,,A,21453A,,1,MARRISON ST,1,,,A,,,14TH ST,,,A,7/25/2024 10:36:05 PM,1/29/2025 8:48:18 AM,,,2,,,,,,,
2690053,22-030546,2,False,0109,7/5/2022 2:49:00 AM,249,08X,14,109,Oakland,1,True,True,B,SIDE SWIPE,,Tuesday,,,M,,False,False,False,,E,PARKED MOTOR VEHICLE,,0,0,C,DARK-STREET LIGHTS,,,,,,,A,NO PEDESTRIANS INVOLVED,,A,22107,,1,OAKLAND AV,1,,,A,S,70.0,PEARL ST,F,,D,7/25/2024 10:36:05 PM,1/29/2025 8:48:18 AM,,,2,,,,,,,
2690052,22-034750,2,False,0109,7/31/2022 2:00:00 AM,200,02X,14,109,Oakland,1,True,True,B,SIDE SWIPE,,Sunday,,,M,,False,False,False,,C,OTHER MOTOR VEHICLE,,0,0,C,DARK-STREET LIGHTS,,,,,,,A,NO PEDESTRIANS INVOLVED,,A,22107,,1,14TH ST,1,,,A,,,PERALTA ST,,,A,7/25/2024 10:36:05 PM,1/29/2025 8:48:18 AM,,,2,,,,,,,
2690051,22-031107,2,False,0109,7/8/2022 12:19:00 AM,19,19X,14,109,Oakland,1,True,True,A,HEAD-ON,,Friday,,,,,False,False,False,,I,FIXED OBJECT,,0,0,C,DARK-STREET LIGHTS,,,,,,,A,NO PEDESTRIANS INVOLVED,,A,22107,,1,10TH ST,1,,,A,,,2ND AV,,,D,7/25/2024 10:36:05 PM,1/29/2025 8:48:18 AM,,,2,,,,,,,
2690050,22-031295,2,False,0109,7/9/2022 12:44:00 AM,44,04X,14,109,Oakland,1,True,True,D,BROADSIDE,,Saturday,,,M,,False,False,False,,C,OTHER MOTOR VEHICLE,,0,0,C,DARK-STREET LIGHTS,,,,,,,A,NO PEDESTRIANS INVOLVED,,A,21453A,,1,`W GRAND AV,1,,,A,,,NORTHGATE AV,,,A,7/25/2024 10:36:04 PM,1/29/2025 8:48:18 AM,,,2,,,,,,,
2690049,22-029925,2,False,0109,7/1/2022 6:30:00 AM,630,30X,14,109,Oakland,1,True,True,B,SIDE SWIPE,,Friday,,,,,False,False,False,,C,OTHER MOTOR VEHICLE,,0,0,A,DAYLIGHT,,,,,,,A,NO PEDESTRIANS INVOLVED,,A,22107,,1,73RD AV,2,,,A,,,BANCROFT AV,,,A,7/25/2024 10:36:04 PM,1/29/2025 8:48:18 AM,,,2,,,,,,,
2690048,22-032817,2,False,0109,7/19/2022 1:40:00 AM,140,10Y,14,109,Oakland,1,True,True,C,REAR END,,Tuesday,,,M,,False,False,False,,E,PARKED MOTOR VEHICLE,,0,0,C,DARK-STREET LIGHTS,,,,,,,A,NO PEDESTRIANS INVOLVED,,A,22107,,1,45TH ST,1,,,A,E,10.0,LINDEN ST,F,,D,7/25/2024 10:36:04 PM,1/29/2025 8:48:18 AM,,,2,,,,,,,
2690047,,2,False,0109,7/4/2022 7:42:00 AM,742,29X,14,109,Oakland,1,True,True,A,HEAD-ON,,Monday,,,,,False,False,False,,E,PARKED MOTOR VEHICLE,,0,0,A,DAYLIGHT,,,,,,,A,NO PEDESTRIANS INVOLVED,,A,22350,,1,BOSTON AVE,2,,,A,S,50.0,MACARTHUR BL,F,,D,7/25/2024 10:36:04 PM,1/29/2025 8:48:18 AM,,,2,,,,,,,
2690046,22-034244,2,False,0109,7/27/2022 7:58:00 PM,1958,03X,14,109,Oakland,1,True,True,D,BROADSIDE,,Wednesday,,,M,,False,False,False,,C,OTHER MOTOR VEHICLE,,0,0,C,DARK-STREET LIGHTS,,,,,,,A,NO PEDESTRIANS INVOLVED,,A,21453A,,1,6TH ST,1,,,A,,,MADISON ST,,,A,7/25/2024 10:36:04 PM,1/29/2025 8:48:18 AM,,,2,,,,,,,
2690045,22-033824,2,False,0109,7/25/2022 5:37:00 AM,537,30X,14,109,Oakland,1,True,True,C,REAR END,,Monday,,,,,False,False,True,,E,PARKED MOTOR VEHICLE,,0,0,B,DUSK-DAWN,,,,,,,A,NO PEDESTRIANS INVOLVED,,A,22107,,1,HOLLY ST,2,,,A,W,45.0,78TH AV,F,,D,7/25/2024 10:36:04 PM,1/29/2025 8:48:18 AM,,,2,,,,,,,
2690044,22-034535,2,False,0109,7/29/2022 4:52:00 PM,1652,06X,14,109,Oakland,1,True,True,A,HEAD-ON,,Friday,,,,,False,False,False,,I,FIXED OBJECT,,0,0,A,DAYLIGHT,,,,,,,A,NO PEDESTRIANS INVOLVED,,A,21658A,,1,27TH ST,1,,,A,,,MARTIN LUTHER KING JR WY,,,A,7/25/2024 10:36:04 PM,1/29/2025 8:48:18 AM,,,2,,,,,,,
2690043,22-034537,2,False,0109,7/29/2022 4:30:00 PM,1630,26X,14,109,Oakland,1,True,True,E,HIT OBJECT,,Friday,,,,,False,False,True,,I,FIXED OBJECT,,0,0,A,DAYLIGHT,,,,,,,A,NO PEDESTRIANS INVOLVED,,A,22106,,1,SAN LEANDRO ST,2,,,A,,,66TH AV,,,A,7/25/2024 10:36:03 PM,1/29/2025 8:48:18 AM,,,2,,,,,,,
2690042,22-033335,2,False,0109,7/22/2022 12:35:00 AM,35,06X,14,109,Oakland,1,True,True,E,HIT OBJECT,,Friday,,,M,,False,False,False,,I,FIXED OBJECT,,0,0,C,DARK-STREET LIGHTS,,,,,,,A,NO PEDESTRIANS INVOLVED,,A,22107,,1,MARKET ST,1,,,A,N,4.0,36TH ST,F,,A,7/25/2024 10:36:03 PM,1/29/2025 8:48:18 AM,,,2,,,,,,,
2690040,22-032327,2,False,0109,7/15/2022 3:11:00 PM,1511,10X,14,109,Oakland,1,True,True,G,VEHICLE/PEDESTRAIN,,Friday,,,,,False,False,False,,G,BICYCLE,,0,0,A,DAYLIGHT,,,,,,,B,CROSSING IN CROSS WALK AT INTERSECTION,,A,21453A,,1,52ND ST,1,,,A,,,MARTIN LUTHER KING WY,,,A,7/25/2024 10:36:03 PM,1/29/2025 8:48:18 AM,,,2,,,,,,,
2690003,22-042358,2,False,0109,9/15/2022 5:20:00 PM,1720,10X,14,109,Oakland,1,True,True,D,BROADSIDE,,Thursday,,,,,False,False,True,,C,OTHER MOTOR VEHICLE,,2,0,A,DAYLIGHT,,,,,,,A,NO PEDESTRIANS INVOLVED,,A,21453A,,1,MARTIN LUTHER KING JR WY,1,,,A,,,45TH ST,,,A,7/25/2024 10:35:57 PM,1/29/2025 8:48:17 AM,,,2,,,,,,,
2689999,22-037397,2,False,0109,8/16/2022 4:06:00 PM,1606,23X,14,109,Oakland,1,True,True,A,HEAD-ON,,Tuesday,,,M,,False,False,False,,C,OTHER MOTOR VEHICLE,,1,0,A,DAYLIGHT,,,,,,,A,NO PEDESTRIANS INVOLVED,,A,21453A,,1,INTERNATIONAL BL,2,,,A,,,FRUITVALE AV,,,A,7/25/2024 10:35:56 PM,1/29/2025 8:48:16 AM,,,2,,,,,,,
2689996,22-038822,2,False,0109,8/25/2022 6:28:00 AM,628,30X,14,109,Oakland,1,True,True,D,BROADSIDE,,Thursday,,,M,,False,False,False,,C,OTHER MOTOR VEHICLE,,0,0,B,DUSK-DAWN,,,,,,,A,NO PEDESTRIANS INVOLVED,,A,21453A,,1,BANCROFT AV,2,,,A,,,HAVENSCOURT BL,,,A,7/25/2024 10:35:55 PM,1/29/2025 8:48:16 AM,,,2,,,,,,,
2689991,22-034664,2,False,0109,7/30/2022 12:00:00 PM,1200,32X,14,109,Oakland,1,True,True,G,VEHICLE/PEDESTRAIN,,Saturday,,,,,False,False,False,,B,PEDESTRIAN,,1,0,A,DAYLIGHT,,,,,,,C,CROSSING IN CROSS WALK - NOT AT INTERSECTION,,A,21950A,,1,INTERNATIONAL BL,2,,,A,E,150.0,106TH AV,F,,A,7/25/2024 10:35:55 PM,1/29/2025 8:48:16 AM,,,2,,,,,,,
2689987,22-036050,2,False,0109,8/8/2022 8:33:00 AM,833,23X,14,109,Oakland,1,True,True,D,BROADSIDE,,Monday,,,,,False,False,False,,C,OTHER MOTOR VEHICLE,,0,0,A,DAYLIGHT,,,,,,,A,NO PEDESTRIANS INVOLVED,,A,21453A,,1,BANCROFT AV,2,,,A,,,HIGH ST,,,A,7/25/2024 10:35:54 PM,1/29/2025 8:48:16 AM,,,2,,,,,,,