collision-id,report-number,report-version,is-preliminary,ncic-code,crash-date-time,crash-time-description,beat,city-id,city-code,city-name,county-code,city-is-active,city-is-incorporated,collision-type-code,collision-type-description,collision-type-other-desc,day-of-week,dispatch-notified,has-photographs,hit-run,is-attachments-mailed,is-deleted,is-highway-related,is-tow-away,judicial-district,motor-vehicle-involved-with-code,motor-vehicle-involved-with-desc,motor-vehicle-involved-with-other-desc,number-injured,number-killed,lighting-code,lighting-description,latitude,longitude,milepost-direction,milepost-distance,milepost-marker,milepost-unit-of-measure,pedestrian-action-code,pedestrian-action-desc,prepared-date,primary-collision-factor-code,primary-collision-factor-description,primary-collision-factor-is-cited,primary-collision-party-number,primary-road,reporting-district,reporting-district-code,reviewed-date,roadway-surface-code,secondary-direction,secondary-distance,secondary-road,secondary-unit-of-measure,sketch-desc,traffic-control-device-code,created-date,modified-date,is-county-road,is-freeway,chp-555-version,is-additonal-object-struck,notification-date,notification-time-description,has-digital-media-files,evidence-number,is-location-refer-to-narrative,is-aoi-one-same-as-location
2724171,22-033937,2,False,0109,7/25/2022 11:31:00 PM,2331,35X,14,109,Oakland,1,True,True,B,SIDE SWIPE,,Monday,,,M,,False,False,True,,C,OTHER MOTOR VEHICLE,,1,0,C,DARK-STREET LIGHTS,,,,,,,A,NO PEDESTRIANS INVOLVED,,A,22450A,,1,DOWLING ST,2,,,A,,,84TH AV,,,A,7/26/2024 8:45:39 AM,1/29/2025 9:32:11 AM,,,2,,,,,,,
2724170,22-038169,2,False,0109,8/21/2022 1:55:00 PM,1355,31X,14,109,Oakland,1,True,True,D,BROADSIDE,,Sunday,,,,,False,False,False,,C,OTHER MOTOR VEHICLE,,0,0,A,DAYLIGHT,,,,,,,A,NO PEDESTRIANS INVOLVED,,A,21801A,,1,98TH AV,2,,,A,S,15.0,AIRPORT ACCESS RD,F,,A,7/26/2024 8:45:39 AM,1/29/2025 9:32:11 AM,,,2,,,,,,,
2724169,22-025772,2,False,0109,6/5/2022 3:26:00 AM,326,05X,14,109,Oakland,1,True,True,G,VEHICLE/PEDESTRAIN,,Sunday,,,,,False,False,False,,B,PEDESTRIAN,,1,0,B,DUSK-DAWN,,,,,,,E,IN ROAD - INCLUDES SHOULDER,,A,21954A,,1,FRONTAGE RD,1,,,B,S,300.0,WEST GRAND AV,F,,D,7/26/2024 8:45:39 AM,1/29/2025 9:32:11 AM,,,2,,,,,,,
2724168,22-042907,2,False,0109,9/19/2022 7:31:00 AM,731,02X,14,109,Oakland,1,True,True,C,REAR END,,Monday,,,,,False,False,False,,C,OTHER MOTOR VEHICLE,,1,0,A,DAYLIGHT,,,,,,,A,NO PEDESTRIANS INVOLVED,,A,22350,,1,7TH,1,,,A,N,10.0,MARKET ST,F,,A,7/26/2024 8:45:39 AM,1/29/2025 9:32:11 AM,,,2,,,,,,,
2724167,22-043523,2,False,0109,9/22/2022 6:17:00 PM,1817,19X,14,109,Oakland,1,True,True,G,VEHICLE/PEDESTRAIN,,Thursday,,,,,False,False,False,,G,BICYCLE,,1,0,A,DAYLIGHT,,,,,,,E,IN ROAD - INCLUDES SHOULDER,,A,22107,,1,E 9TH,2,,,A,S,27.0,FRUITVALE AV,F,,A,7/26/2024 8:45:39 AM,1/29/2025 9:32:11 AM,,,2,,,,,,,
2724166,22-050056,2,False,0109,10/31/2022 5:37:00 PM,1737,03X,14,109,Oakland,1,True,True,B,SIDE SWIPE,,Monday,,,M,,False,False,False,,E,PARKED MOTOR VEHICLE,,0,0,A,DAYLIGHT,,,,,,,A,NO PEDESTRIANS INVOLVED,,A,22107,,1,8TH ST,1,,,A,W,10.0,WEBSTER ST,F,,A,7/26/2024 8:45:38 AM,1/29/2025 9:32:11 AM,,,2,,,,,,,
2724165,22-040478,2,False,0109,9/4/2022 12:38:00 AM,38,12X,14,109,Oakland,1,True,True,B,SIDE SWIPE,,Sunday,,,,,False,False,False,,C,OTHER MOTOR VEHICLE,,1,0,C,DARK-STREET LIGHTS,,,,,,,A,NO PEDESTRIANS INVOLVED,,A,21453A,,1,51ST ST,2,,,A,,,TELEGRAPH AV,,,A,7/26/2024 8:45:38 AM,1/29/2025 9:32:11 AM,,,2,,,,,,,
2724164,22-046609,2,False,0109,10/10/2022 10:32:00 PM,2232,30Y,14,109,Oakland,1,True,True,B,SIDE SWIPE,,Monday,,,F,,False,False,False,,C,OTHER MOTOR VEHICLE,,1,0,C,DARK-STREET LIGHTS,,,,,,,A,NO PEDESTRIANS INVOLVED,,A,21804A,,1,HEGENBERGER RD,2,,,A,,,COLLINS ST,,,D,7/26/2024 8:45:38 AM,1/29/2025 9:32:11 AM,,,2,,,,,,,
2724163,22-033503,2,False,0109,7/23/2022 1:23:00 AM,123,14X,14,109,Oakland,1,True,True,G,VEHICLE/PEDESTRAIN,,Saturday,,,F,,False,False,False,,B,PEDESTRIAN,,1,0,C,DARK-STREET LIGHTS,,,,,,,B,CROSSING IN CROSS WALK AT INTERSECTION,,A,21453A,,1,GRAND AV,1,,,A,,,SANTA CLARA,,,A,7/26/2024 8:45:38 AM,1/29/2025 9:32:11 AM,,,2,,,,,,,
2724161,22-034194,2,False,0109,7/27/2022 2:22:00 PM,1422,02X,14,109,Oakland,1,True,True,G,VEHICLE/PEDESTRAIN,,Wednesday,,,,,False,False,False,,B,PEDESTRIAN,,1,0,A,DAYLIGHT,,,,,,,B,CROSSING IN CROSS WALK AT INTERSECTION,,A,21950A,,1,14TH ST,1,,,A,,,ADELINE ST,,,A,7/26/2024 8:45:38 AM,1/29/2025 9:32:11 AM,,,2,,,,,,,
2723901,22-045986,2,False,0109,10/8/2022 11:48:00 AM,1148,02X,14,109,Oakland,1,True,True,D,BROADSIDE,,Saturday,,,,,False,False,False,,C,OTHER MOTOR VEHICLE,,0,0,A,DAYLIGHT,,,,,,,A,NO PEDESTRIANS INVOLVED,,D,21453A,,,MARKET ST,1,,,A,,,5TH ST,,,A,7/26/2024 8:45:22 AM,1/29/2025 9:32:07 AM,,,2,,,,,,,
2723898,22-031867,2,False,0109,7/12/2022 6:45:00 PM,1845,35X,14,109,Oakland,1,True,True,B,SIDE SWIPE,,Tuesday,,,,,False,False,False,,C,OTHER MOTOR VEHICLE,,0,0,A,DAYLIGHT,,,,,,,A,NO PEDESTRIANS INVOLVED,,A,22107,,1,MACARTHUR BL,2,,,A,,,ALVINGROOM CT,,,A,7/26/2024 8:45:22 AM,1/29/2025 9:32:07 AM,,,2,,,,,,,
2723895,22-014646,2,False,0109,3/29/2022 1:12:00 PM,1312,05X,14,109,Oakland,1,True,True,D,BROADSIDE,,Tuesday,,,M,,False,False,False,,C,OTHER MOTOR VEHICLE,,2,0,A,DAYLIGHT,,,,,,,A,NO PEDESTRIANS INVOLVED,,A,21453A,,1,18TH ST,1,,,A,,,MARKET ST,,,A,7/26/2024 8:45:22 AM,1/29/2025 9:32:07 AM,,,2,,,,,,,
2723883,22-049619,2,False,0109,10/28/2022 7:53:00 PM,1953,27Y,14,109,Oakland,1,True,True,B,SIDE SWIPE,,Friday,,,M,,False,False,False,,C,OTHER MOTOR VEHICLE,,0,0,B,DUSK-DAWN,,,,,,,A,NO PEDESTRIANS INVOLVED,,A,22107,,1,BANCROFT AV,2,,,A,E,90.0,HAVENSCOURT BL,F,,D,7/26/2024 8:45:21 AM,1/29/2025 9:32:07 AM,,,2,,,,,,,
2723882,22-051578,2,False,0109,11/9/2022 11:29:00 AM,1129,02Y,14,109,Oakland,1,True,True,D,BROADSIDE,,Wednesday,,,,,False,False,False,,C,OTHER MOTOR VEHICLE,,1,0,A,DAYLIGHT,,,,,,,A,NO PEDESTRIANS INVOLVED,,A,21802A,,1,8TH ST,1,,,A,,,CAMPBELL ST,,,D,7/26/2024 8:45:21 AM,1/29/2025 9:32:07 AM,,,2,,,,,,,
2723880,22-043715,2,False,0109,9/22/2022 8:40:00 PM,2040,26Y,14,109,Oakland,1,True,True,B,SIDE SWIPE,,Thursday,,,M,,False,False,False,,E,PARKED MOTOR VEHICLE,,0,0,C,DARK-STREET LIGHTS,37.45373,122.11538,,,,,A,NO PEDESTRIANS INVOLVED,,A,22107,,2,EASTLAWN ST,4,,,A,,,EASTLAWN ST 6500,,,D,7/26/2024 8:45:21 AM,1/29/2025 9:32:07 AM,,,2,,,,,,,
2723874,22-049720,2,False,0109,10/29/2022 12:40:00 PM,1240,03X,14,109,Oakland,1,True,True,D,BROADSIDE,,Saturday,,,F,,False,False,False,,C,OTHER MOTOR VEHICLE,,0,0,A,DAYLIGHT,,,,,,,A,NO PEDESTRIANS INVOLVED,,A,21453A,,1,HARRISON ST,1,,,A,,,14TH ST,,,A,7/26/2024 8:45:21 AM,1/29/2025 9:32:07 AM,,,2,,,,,,,
2723872,22-055738,2,False,0109,12/3/2022 9:56:00 PM,2156,07X,14,109,Oakland,1,True,True,B,SIDE SWIPE,,Saturday,,,M,,False,False,True,,C,OTHER MOTOR VEHICLE,,0,0,C,DARK-STREET LIGHTS,,,,,,,A,NO PEDESTRIANS INVOLVED,,A,22107,,1,WEST ST,1,,,B,N,40.0,23RD ST,F,,D,7/26/2024 8:45:21 AM,1/29/2025 9:32:07 AM,,,2,,,,,,,
2723869,22-053201,2,False,0109,11/18/2022 4:15:00 PM,1615,28X,14,109,Oakland,1,True,True,C,REAR END,,Friday,,,M,,False,False,False,,C,OTHER MOTOR VEHICLE,,0,0,A,DAYLIGHT,,,,,,,A,NO PEDESTRIANS INVOLVED,,A,22350,,1,MACARTHUR BL,2,,,A,N,200.0,55TH AV,F,,A,7/26/2024 8:45:20 AM,1/29/2025 9:32:07 AM,,,2,,,,,,,
2723863,22-049349,2,False,0109,10/27/2022 9:40:00 AM,940,05X,14,109,Oakland,1,True,True,E,HIT OBJECT,,Thursday,,,,,False,False,False,,I,FIXED OBJECT,,0,0,A,DAYLIGHT,,,,,,,A,NO PEDESTRIANS INVOLVED,,A,22350,,1,W GRAND AV,1,,,A,E,30.0,POPLAR ST,F,,A,7/26/2024 8:45:20 AM,1/29/2025 9:32:07 AM,,,2,,,,,,,
2723859,22-057338,2,False,0109,12/13/2022 1:14:00 PM,1314,19X,14,109,Oakland,1,True,True,E,HIT OBJECT,,Tuesday,,,,,False,False,False,,C,OTHER MOTOR VEHICLE,,0,0,A,DAYLIGHT,,,,,,,A,NO PEDESTRIANS INVOLVED,,A,22450A,,1,12TH AV,11,,,A,,,INTERNATIONAL BL,,,D,7/26/2024 8:45:20 AM,1/29/2025 9:32:07 AM,,,2,,,,,,,
2723854,22-055368,2,False,0109,12/1/2022 8:02:00 PM,2002,03X,14,109,Oakland,1,True,True,D,BROADSIDE,,Thursday,,,,,False,False,False,,C,OTHER MOTOR VEHICLE,,2,0,C,DARK-STREET LIGHTS,,,,,,,A,NO PEDESTRIANS INVOLVED,,A,21453A,,,7TH ST,,,,A,,,JACKSON ST,,,A,7/26/2024 8:45:19 AM,1/29/2025 9:32:07 AM,,,2,,,,,,,
2723848,22-030559,2,False,0109,7/4/2022 12:50:00 AM,50,31Y,14,109,Oakland,1,True,True,E,HIT OBJECT,,Monday,,,M,,False,False,False,,I,FIXED OBJECT,,0,0,C,DARK-STREET LIGHTS,,,,,,,A,NO PEDESTRIANS INVOLVED,,A,22350,,1,WALTER AV,2,,,A,E,110.0,NEVADA AV,F,,D,7/26/2024 8:45:19 AM,1/29/2025 9:32:07 AM,,,2,,,,,,,
2723845,22-049148,2,False,0109,10/26/2022 2:03:00 AM,203,06X,14,109,Oakland,1,True,True,C,REAR END,,Wednesday,,,M,,False,False,False,,C,OTHER MOTOR VEHICLE,,1,0,C,DARK-STREET LIGHTS,,,,,,,A,NO PEDESTRIANS INVOLVED,,A,22350,,1,35TH ST,11,,,A,W,7.0,MARKET ST,F,,A,7/26/2024 8:45:19 AM,1/29/2025 9:32:07 AM,,,2,,,,,,,
2723842,22-055187,2,False,0109,11/30/2022 6:57:00 PM,1857,32X,14,109,Oakland,1,True,True,D,BROADSIDE,,Wednesday,,,,,False,False,False,,C,OTHER MOTOR VEHICLE,,2,0,E,DARK-STREET LIGHTS NOT FUNCTIONING*,,,,,,,A,NO PEDESTRIANS INVOLVED,,A,21800A,,,MACARTHUR BL,2,,,A,,,106TH AV,,,B,7/26/2024 8:45:19 AM,1/29/2025 9:32:06 AM,,,2,,,,,,,
2723818,22-057382,2,False,0109,12/9/2022 4:40:00 PM,1640,23X,14,109,Oakland,1,True,True,B,SIDE SWIPE,,Friday,,,,,False,False,False,,C,OTHER MOTOR VEHICLE,,1,0,B,DUSK-DAWN,,,,,,,A,NO PEDESTRIANS INVOLVED,,A,21453A,,,35TH AV,2,,,A,S,50.0,FOOTHILL BL,F,,D,7/26/2024 8:45:10 AM,1/29/2025 9:32:06 AM,,,2,,,,,,,
2723816,22-043741,2,False,0109,9/24/2022 1:10:00 AM,110,04X,14,109,Oakland,1,True,True,A,HEAD-ON,,Saturday,,,M,,False,False,False,,C,OTHER MOTOR VEHICLE,,0,0,C,DARK-STREET LIGHTS,,,,,,,A,NO PEDESTRIANS INVOLVED,,A,21453A,,1,17TH ST,1,,,A,,,SAN PABLO AV,,,A,7/26/2024 8:45:09 AM,1/29/2025 9:32:06 AM,,,2,,,,,,,
2723573,22-058395,2,False,0109,12/19/2022 4:47:00 PM,1647,14X,14,109,Oakland,1,True,True,C,REAR END,,Monday,,,,,False,False,False,,G,BICYCLE,,1,0,A,DAYLIGHT,,,,,,,,,,A,21209A,,1,GRANDE AVE,1,,,A,E,50.0,PERKINS ST,F,,A,7/26/2024 8:44:50 AM,1/29/2025 9:32:02 AM,,,2,,,,,,,
2723572,22-057393,2,False,0109,12/13/2022 8:00:00 PM,2000,27X,14,109,Oakland,1,True,True,G,VEHICLE/PEDESTRAIN,,Tuesday,,,,,False,False,False,,B,PEDESTRIAN,,1,0,C,DARK-STREET LIGHTS,,,,,,,B,CROSSING IN CROSS WALK AT INTERSECTION,,A,21950A,,1,HAVENSOURT BL,2,,,A,,,INTERNATIONAL BL,,,A,7/26/2024 8:44:50 AM,1/29/2025 9:32:02 AM,,,2,,,,,,,
2723567,22-054824,2,False,0109,11/28/2022 6:54:00 PM,1854,09X,14,109,Oakland,1,True,True,H,OTHER,,Monday,,,,,False,False,False,,A,NON-COLLISION,,1,0,C,DARK-STREET LIGHTS,,,,,,,A,NO PEDESTRIANS INVOLVED,,A,21801A,,1,FAIRMONT AV,1,,,A,,,MACARTHUR BL,,,A,7/26/2024 8:44:50 AM,1/29/2025 9:32:01 AM,,,2,,,,,,,
2723565,22-019751,2,False,0109,4/29/2022 1:51:00 PM,1351,08X,14,109,Oakland,1,True,True,D,BROADSIDE,,Friday,,,,,False,False,False,,C,OTHER MOTOR VEHICLE,,1,0,A,DAYLIGHT,,,,,,,A,NO PEDESTRIANS INVOLVED,,A,21800A,,1,W MACARTHUR BL,1,,,A,,,TELEGRAPH AV,,,A,7/26/2024 8:44:50 AM,1/29/2025 9:32:02 AM,,,2,,,,,,,
2723557,22-039525,2,False,0109,8/29/2022 2:22:00 PM,1422,03X,14,109,Oakland,1,True,True,D,BROADSIDE,,Monday,,,,,False,False,True,,C,OTHER MOTOR VEHICLE,,3,0,A,DAYLIGHT,,,,,,,A,NO PEDESTRIANS INVOLVED,,A,21453A,,1,5TH ST,1,,,A,,,WASHINGTON ST,,,A,7/26/2024 8:44:49 AM,1/29/2025 9:32:01 AM,,,2,,,,,,,
2723538,22-047367,2,False,0109,10/15/2022 5:19:00 PM,1719,01X,14,109,Oakland,1,True,True,D,BROADSIDE,,Saturday,,,,,False,False,False,,C,OTHER MOTOR VEHICLE,,1,0,A,DAYLIGHT,,,,,,,A,NO PEDESTRIANS INVOLVED,,A,21802A,,1,4TH ST,1,,,A,,,HARRISON ST,,,A,7/26/2024 8:44:48 AM,1/29/2025 9:32:01 AM,,,2,,,,,,,
2723536,22-045080,2,False,0109,10/2/2022 4:17:00 PM,1617,28X,14,109,Oakland,1,True,True,C,REAR END,,Sunday,,,M,,False,False,False,,C,OTHER MOTOR VEHICLE,,1,0,A,DAYLIGHT,,,,,,,A,NO PEDESTRIANS INVOLVED,,A,22350,,1,SEMINARY AV,2,,,A,,,FOOTHILL BL,,,A,7/26/2024 8:44:48 AM,1/29/2025 9:32:01 AM,,,2,,,,,,,
2723535,23-003627,2,False,0109,1/18/2022 10:15:00 PM,2215,10X,14,109,Oakland,1,True,True,D,BROADSIDE,,Tuesday,,,,,False,False,False,,C,OTHER MOTOR VEHICLE,,0,0,C,DARK-STREET LIGHTS,,,,,,,,,,A,21802A,,1,MARKET ST,1,,,A,,,ARLINGTON AV,,,C,7/26/2024 8:44:48 AM,1/29/2025 9:32:01 AM,,,2,,,,,,,
2723508,22-021316,2,False,0109,5/8/2022 2:44:00 PM,1444,25X,14,109,Oakland,1,True,True,D,BROADSIDE,,Sunday,,,M,,False,False,False,,E,PARKED MOTOR VEHICLE,,0,0,A,DAYLIGHT,,,,,,,A,NO PEDESTRIANS INVOLVED,,A,20002,,1,35TH AV,2,,,A,N,20.0,KANSAS ST,F,,D,7/26/2024 8:44:46 AM,1/29/2025 9:32:01 AM,,,2,,,,,,,
2723507,22-021316,2,False,0109,5/9/2022 2:44:00 PM,1444,25X,14,109,Oakland,1,True,True,D,BROADSIDE,,Monday,,,M,,False,False,False,,E,PARKED MOTOR VEHICLE,,0,0,A,DAYLIGHT,,,,,,,A,NO PEDESTRIANS INVOLVED,,A,22107,,1,35TH AV,2,,,A,N,20.0,KANSAS ST,F,,B,7/26/2024 8:44:46 AM,1/29/2025 9:32:01 AM,,,2,,,,,,,
2723506,22-025825,2,False,0109,6/5/2022 4:30:00 AM,430,18Y,14,109,Oakland,1,True,True,C,REAR END,,Sunday,,,,,False,False,False,,E,PARKED MOTOR VEHICLE,,0,0,D,DARK-NO STREET LIGHTS,,,,,,,A,NO PEDESTRIANS INVOLVED,,A,22350,,1,19TH AV,1,,,B,N,30.0,E 24TH ST,F,,D,7/26/2024 8:44:46 AM,1/29/2025 9:32:00 AM,,,2,,,,,,,
2723505,22-025137,2,False,0109,6/1/2022 5:40:00 PM,1740,11X,14,109,Oakland,1,True,True,D,BROADSIDE,,Wednesday,,,,,False,True,False,,C,OTHER MOTOR VEHICLE,,0,0,A,DAYLIGHT,,,,,,,A,NO PEDESTRIANS INVOLVED,,A,21453A,,,TELEGRAPH AV,1,,,A,,,56TH ST,,,A,7/26/2024 8:44:46 AM,1/29/2025 9:32:01 AM,,,2,,,,,,,
2723504,22-026333,2,False,0109,6/8/2022 3:26:00 PM,1526,27X,14,109,Oakland,1,True,True,D,BROADSIDE,,Wednesday,,,M,,False,False,False,,C,OTHER MOTOR VEHICLE,,0,0,A,DAYLIGHT,,,,,,,A,NO PEDESTRIANS INVOLVED,,A,21802A,,1,BANCROFT AV,2,,,A,,,48TH AV,,,A,7/26/2024 8:44:46 AM,1/29/2025 9:32:01 AM,,,2,,,,,,,
2723502,22-043819,2,False,0109,9/25/2022 7:41:00 AM,741,29X,14,109,Oakland,1,True,True,A,HEAD-ON,,Sunday,,,M,,False,False,False,,E,PARKED MOTOR VEHICLE,,0,0,A,DAYLIGHT,,,,,,,A,NO PEDESTRIANS INVOLVED,,A,22107,,1,69TH AV,2,,,A,,,MACARTHUR BL,,,A,7/26/2024 8:44:46 AM,1/29/2025 9:32:00 AM,,,2,,,,,,,
2723499,22-051897,2,False,0109,11/11/2022 5:50:00 AM,550,01X,14,109,Oakland,1,True,True,D,BROADSIDE,,Friday,,,,,False,False,False,,C,OTHER MOTOR VEHICLE,,0,0,B,DUSK-DAWN,,,,,,,A,NO PEDESTRIANS INVOLVED,,A,21453,,1,5TH ST,1,,,A,,,WASHINGTON ST,,,B,7/26/2024 8:44:45 AM,1/29/2025 9:32:00 AM,,,2,,,,,,,
2723463,22-049744,2,False,0109,10/29/2022 3:48:00 PM,1548,18X,14,109,Oakland,1,True,True,D,BROADSIDE,,Saturday,,,M,,False,False,False,,C,OTHER MOTOR VEHICLE,,0,0,A,DAYLIGHT,,,,,,,A,NO PEDESTRIANS INVOLVED,,A,22450A,,1,E 17TH ST,1,,,A,,,13TH AV,,,A,7/26/2024 8:44:44 AM,1/29/2025 9:32:00 AM,,,2,,,,,,,
2723451,22-057645,2,False,0109,12/15/2022 8:56:00 AM,856,06X,14,109,Oakland,1,True,True,B,SIDE SWIPE,,Thursday,,,M,,False,False,True,,C,OTHER MOTOR VEHICLE,,0,0,A,DAYLIGHT,,,,,,,A,NO PEDESTRIANS INVOLVED,,A,22350,,1,27TH ST,1,,,A,,,NORTHGATE AV,,,A,7/26/2024 8:44:43 AM,1/29/2025 9:31:59 AM,,,2,,,,,,,
2723448,22-057001,2,False,0109,12/11/2022 3:42:00 PM,1542,26X,14,109,Oakland,1,True,True,A,HEAD-ON,,Sunday,,,M,,False,False,False,,C,OTHER MOTOR VEHICLE,,0,0,A,DAYLIGHT,,,,,,,A,NO PEDESTRIANS INVOLVED,,A,22106,,1,INTERNATIONAL BL,2,,,B,,,SEMINARY AV,,,D,7/26/2024 8:44:43 AM,1/29/2025 9:31:59 AM,,,2,,,,,,,
2723447,22-057011,2,False,0109,12/11/2022 5:31:00 PM,1731,30X,14,109,Oakland,1,True,True,B,SIDE SWIPE,,Sunday,,,M,,False,False,False,,E,PARKED MOTOR VEHICLE,,0,0,C,DARK-STREET LIGHTS,,,,,,,A,NO PEDESTRIANS INVOLVED,,A,22106,,1,78TH AV,2,,,B,,,INTERNATIONAL BL,,,D,7/26/2024 8:44:43 AM,1/29/2025 9:31:59 AM,,,2,,,,,,,
2723446,22-059685,2,False,0109,12/27/2022 11:26:00 PM,2326,20X,14,109,Oakland,1,True,True,E,HIT OBJECT,,Tuesday,,,,,False,False,False,,I,FIXED OBJECT,,0,0,C,DARK-STREET LIGHTS,,,,,,,A,NO PEDESTRIANS INVOLVED,,A,22107,,1,INTERNATIONAL BL,2,,,A,E,10.0,31ST AV,F,,D,7/26/2024 8:44:43 AM,1/29/2025 9:31:59 AM,,,2,,,,,,,
2723444,22-059304,2,False,0109,12/25/2022 10:05:00 AM,1005,08X,14,109,Oakland,1,True,True,C,REAR END,,Sunday,,,M,,False,False,False,,E,PARKED MOTOR VEHICLE,,0,0,C,DARK-STREET LIGHTS,,,,,,,A,NO PEDESTRIANS INVOLVED,,A,22107,,1,29TH ST,1,,,A,,,MCCLURE ST,,,D,7/26/2024 8:44:43 AM,1/29/2025 9:31:59 AM,,,2,,,,,,,
2723361,22-054976,2,False,0109,11/29/2022 2:27:00 PM,1427,29X,14,109,Oakland,1,True,True,C,REAR END,,Tuesday,,,M,,False,False,False,,E,PARKED MOTOR VEHICLE,,1,0,A,DAYLIGHT,,,,,,,A,NO PEDESTRIANS INVOLVED,,A,22107,,1,FOOTHILL BL,2,,,A,W,50.0,SEMINARY AV,F,,D,7/26/2024 8:44:38 AM,1/29/2025 9:31:57 AM,,,2,,,,,,,
2723336,22-026201,2,False,0109,6/7/2022 7:06:00 PM,1906,09X,14,109,Oakland,1,True,True,H,OTHER,,Tuesday,,,,,False,False,False,,,,,2,0,A,DAYLIGHT,,,,,,,A,NO PEDESTRIANS INVOLVED,,A,22350,,1,BROADWAY,1,,,A,S,150.0,WHITMORE ST,F,,A,7/26/2024 8:44:36 AM,1/29/2025 9:31:57 AM,,,2,,,,,,,
2723323,22-036229,2,False,0109,8/9/2022 10:40:00 AM,1040,13Z,14,109,Oakland,1,True,True,G,VEHICLE/PEDESTRAIN,,Tuesday,,,,,False,False,False,,B,PEDESTRIAN,,1,0,A,DAYLIGHT,,,,,,,D,CROSSING - NOT IN CROSSWALK,,A,21954,,1,MOUNTAIN BL,2,,,A,,,ANTIOCH ST,,,D,7/26/2024 8:44:35 AM,1/29/2025 9:31:56 AM,,,2,,,,,,,
2723321,22-035996,2,False,0109,8/7/2022 6:50:00 PM,1850,21Y,14,109,Oakland,1,True,True,B,SIDE SWIPE,,Sunday,,,M,,False,False,False,,C,OTHER MOTOR VEHICLE,,1,0,A,DAYLIGHT,,,,,,,A,NO PEDESTRIANS INVOLVED,,A,21453A,,1,COOLIDGE AV,2,,,A,,,SCHOOL ST,,,A,7/26/2024 8:44:35 AM,1/29/2025 9:31:56 AM,,,2,,,,,,,
2723300,22-058819,2,False,0109,12/22/2022 7:32:00 AM,732,30X,14,109,Oakland,1,True,True,E,HIT OBJECT,,Thursday,,,M,,False,False,False,,I,FIXED OBJECT,,0,0,A,DAYLIGHT,,,,,,,A,NO PEDESTRIANS INVOLVED,,A,23152A,,1,73RD AV,2,,,A,N,25.0,KRAUSE AV,F,,B,7/26/2024 8:44:34 AM,1/29/2025 9:31:56 AM,,,2,,,,,,,
2723248,22-055103,2,False,0109,11/30/2022 10:08:00 AM,1008,26Y,14,109,Oakland,1,True,True,G,VEHICLE/PEDESTRAIN,,Wednesday,,,F,,False,False,False,,B,PEDESTRIAN,,1,0,A,DAYLIGHT,,,,,,,B,CROSSING IN CROSS WALK AT INTERSECTION,,A,21950A,,1,77TH AV,2,,,A,,,INTERNATIONAL BL,,,A,7/26/2024 8:44:31 AM,1/29/2025 9:31:55 AM,,,2,,,,,,,
2723242,22-058768,2,False,0109,12/21/2022 9:41:00 PM,2141,19X,14,109,Oakland,1,True,True,D,BROADSIDE,,Wednesday,,,,,False,False,False,,C,OTHER MOTOR VEHICLE,,0,0,C,DARK-STREET LIGHTS,,,,,,,A,NO PEDESTRIANS INVOLVED,,A,21453A,,1,E 12TH ST,1,,,A,,,22ND AV,,,A,7/26/2024 8:44:30 AM,1/29/2025 9:31:55 AM,,,2,,,,,,,
2723240,22-057574,2,False,0109,12/15/2022 7:04:00 PM,1904,19X,14,109,Oakland,1,True,True,D,BROADSIDE,,Thursday,,,,,False,False,False,,C,OTHER MOTOR VEHICLE,,0,0,C,DARK-STREET LIGHTS,,,,,,,A,NO PEDESTRIANS INVOLVED,,A,21453A,,,14TH AV,1,,,A,,,E 15TH ST,,,A,7/26/2024 8:44:30 AM,1/29/2025 9:31:55 AM,,,2,,,,,,,
2723239,22-058268,2,False,0109,12/18/2022 11:19:00 PM,2319,24X,14,109,Oakland,1,True,True,B,SIDE SWIPE,,Sunday,,,,,False,False,True,,C,OTHER MOTOR VEHICLE,,0,0,C,DARK-STREET LIGHTS,,,,,,,A,NO PEDESTRIANS INVOLVED,,A,23152A,,1,35TH AV,2,,,A,S,12.0,SCHOOL ST,F,,D,7/26/2024 8:44:30 AM,1/29/2025 9:31:55 AM,,,2,,,,,,,
2723238,22-059675,2,False,0109,12/27/2022 10:10:00 PM,2210,31Y,14,109,Oakland,1,True,True,B,SIDE SWIPE,,Tuesday,,,,,False,False,False,,C,OTHER MOTOR VEHICLE,,0,0,C,DARK-STREET LIGHTS,,,,,,,A,NO PEDESTRIANS INVOLVED,,A,21801A,,1,98TH AV,2,,,A,,,BIGGIE ST,,,A,7/26/2024 8:44:30 AM,1/29/2025 9:31:55 AM,,,2,,,,,,,
2723237,22-059761,2,False,0109,12/28/2022 1:07:00 PM,1307,06X,14,109,Oakland,1,True,True,D,BROADSIDE,,Wednesday,,,,,False,False,False,,C,OTHER MOTOR VEHICLE,,0,0,A,DAYLIGHT,,,,,,,A,NO PEDESTRIANS INVOLVED,,A,21453A,,,36TH ST,1,,,A,,,WEST ST,,,A,7/26/2024 8:44:30 AM,1/29/2025 9:31:55 AM,,,2,,,,,,,
2723232,22-041066,2,False,0109,9/7/2022 9:56:00 PM,2156,33X,14,109,Oakland,1,True,True,B,SIDE SWIPE,,Wednesday,,,,,False,False,True,,C,OTHER MOTOR VEHICLE,,1,0,C,DARK-STREET LIGHTS,,,,,,,A,NO PEDESTRIANS INVOLVED,,A,22350,,1,INTERNATIONAL BL,2,,,A,,,88TH AV,,,A,7/26/2024 8:44:30 AM,1/29/2025 9:31:55 AM,,,2,,,,,,,
2723229,22-054085,2,False,0109,11/23/2022 11:47:00 PM,2347,29X,14,109,Oakland,1,True,True,A,HEAD-ON,,Wednesday,,,M,,False,False,False,,E,PARKED MOTOR VEHICLE,,0,0,C,DARK-STREET LIGHTS,,,,,,,A,NO PEDESTRIANS INVOLVED,,A,22350,,1,62ND AV,2,,,A,N,150.0,FOOTHILL BL,F,,D,7/26/2024 8:44:29 AM,1/29/2025 9:31:55 AM,,,2,,,,,,,