collision-id,report-number,report-version,is-preliminary,ncic-code,crash-date-time,crash-time-description,beat,city-id,city-code,city-name,county-code,city-is-active,city-is-incorporated,collision-type-code,collision-type-description,collision-type-other-desc,day-of-week,dispatch-notified,has-photographs,hit-run,is-attachments-mailed,is-deleted,is-highway-related,is-tow-away,judicial-district,motor-vehicle-involved-with-code,motor-vehicle-involved-with-desc,motor-vehicle-involved-with-other-desc,number-injured,number-killed,lighting-code,lighting-description,latitude,longitude,milepost-direction,milepost-distance,milepost-marker,milepost-unit-of-measure,pedestrian-action-code,pedestrian-action-desc,prepared-date,primary-collision-factor-code,primary-collision-factor-description,primary-collision-factor-is-cited,primary-collision-party-number,primary-road,reporting-district,reporting-district-code,reviewed-date,roadway-surface-code,secondary-direction,secondary-distance,secondary-road,secondary-unit-of-measure,sketch-desc,traffic-control-device-code,created-date,modified-date,is-county-road,is-freeway,chp-555-version,is-additonal-object-struck,notification-date,notification-time-description,has-digital-media-files,evidence-number,is-location-refer-to-narrative,is-aoi-one-same-as-location
2723223,22-032813,2,False,0109,7/19/2022 12:37:00 AM,37,30Y,14,109,Oakland,1,True,True,C,REAR END,,Tuesday,,,,,False,False,True,,E,PARKED MOTOR VEHICLE,,0,0,C,DARK-STREET LIGHTS,,,,,,,A,NO PEDESTRIANS INVOLVED,,A,22107,,1,GARFIELD AV,2,,,A,S,50.0,77TH AV,F,,A,7/26/2024 8:44:29 AM,1/29/2025 9:31:55 AM,,,2,,,,,,,
2723218,22-040798,2,False,0109,9/6/2022 8:59:00 AM,859,08X,14,109,Oakland,1,True,True,B,SIDE SWIPE,,Tuesday,,,,,False,False,False,,E,PARKED MOTOR VEHICLE,,1,0,A,DAYLIGHT,,,,,,,A,NO PEDESTRIANS INVOLVED,,A,22350,,1,BROOK ST,1,,,A,E,665.0,BROADWAY,F,,A,7/26/2024 8:44:29 AM,1/29/2025 9:31:54 AM,,,2,,,,,,,
2723216,22-043177,2,False,0109,9/22/2022 4:13:00 PM,1613,07X,14,109,Oakland,1,True,True,D,BROADSIDE,,Thursday,,,M,,False,False,True,,C,OTHER MOTOR VEHICLE,,1,0,A,DAYLIGHT,,,,,,,A,NO PEDESTRIANS INVOLVED,,A,21802A,,1,24TH ST,1,,,A,,,LINDEN ST,,,C,7/26/2024 8:44:29 AM,1/29/2025 9:31:54 AM,,,2,,,,,,,
2723200,22-034560,2,False,0109,7/29/2022 7:18:00 PM,1918,05X,14,109,Oakland,1,True,True,D,BROADSIDE,,Friday,,,,,False,False,False,,C,OTHER MOTOR VEHICLE,,2,0,A,DAYLIGHT,,,,,,,A,NO PEDESTRIANS INVOLVED,,A,21802A,,1,W GRAND AV,1,,,A,,,ISABELLA ST,,,A,7/26/2024 8:44:28 AM,1/29/2025 9:31:54 AM,,,2,,,,,,,
2723195,22*-014239,2,False,0109,3/27/2022 1:00:00 AM,100,19X,14,109,Oakland,1,True,True,B,SIDE SWIPE,,Sunday,,,M,,False,False,False,,E,PARKED MOTOR VEHICLE,,0,0,C,DARK-STREET LIGHTS,,,,,,,A,NO PEDESTRIANS INVOLVED,,A,22107,,1,INTERNATIONAL BL,1,,,A,E,10.0,16TH AV,F,,A,7/26/2024 8:44:27 AM,1/29/2025 9:31:54 AM,,,2,,,,,,,
2723193,22-008345,2,False,0109,2/20/2022 3:16:00 AM,316,07X,14,109,Oakland,1,True,True,C,REAR END,,Sunday,,,,,False,False,False,,C,OTHER MOTOR VEHICLE,,2,0,C,DARK-STREET LIGHTS,,,,,,,,,,A,22107,,1,28TH ST,1,,,A,E,100.0,MAGNOLIA,F,,A,7/26/2024 8:44:27 AM,1/29/2025 9:31:54 AM,,,2,,,,,,,
2723174,222-053525,2,False,0109,11/20/2022 7:09:00 PM,1909,26Y,14,109,Oakland,1,True,True,B,SIDE SWIPE,,Sunday,,,M,,False,False,True,,E,PARKED MOTOR VEHICLE,,0,0,C,DARK-STREET LIGHTS,,,,,,,A,NO PEDESTRIANS INVOLVED,,A,23152A,,1,SAN LEANDRO ST,2,,,A,E,300.0,SEMINARY AV,F,,D,7/26/2024 8:44:26 AM,1/29/2025 9:31:54 AM,,,2,,,,,,,
2723165,22-053800,2,False,0109,11/22/2022 8:24:00 AM,824,10X,14,109,Oakland,1,True,True,C,REAR END,,Tuesday,,,M,,False,False,False,,C,OTHER MOTOR VEHICLE,,0,0,A,DAYLIGHT,,,,,,,A,NO PEDESTRIANS INVOLVED,,A,22350,,1,59TH ST,1,,,A,,,MARTIN LUTHER KING JR WY,,,A,7/26/2024 8:44:26 AM,1/29/2025 9:31:53 AM,,,2,,,,,,,
2723090,22-053356,2,False,0109,11/19/2022 6:09:00 PM,1809,14Y,14,109,Oakland,1,True,True,C,REAR END,,Saturday,,,M,,False,False,False,,C,OTHER MOTOR VEHICLE,,0,0,A,DAYLIGHT,,,,,,,A,NO PEDESTRIANS INVOLVED,,A,22350,,1,LAKESHORE AV,2,,,A,N,10.0,MACARTHUR BL,F,,A,7/26/2024 8:44:21 AM,1/29/2025 9:31:52 AM,,,2,,,,,,,
2723081,22-052876,2,False,0109,11/16/2022 7:05:00 PM,1905,14X,14,109,Oakland,1,True,True,G,VEHICLE/PEDESTRAIN,,Wednesday,,,,,False,False,False,,G,BICYCLE,,1,0,C,DARK-STREET LIGHTS,,,,,,,A,NO PEDESTRIANS INVOLVED,,A,22107,,1,GRAND AV,1,,,A,W,55.0,STATEN AV,F,,D,7/26/2024 8:44:20 AM,1/29/2025 9:31:52 AM,,,2,,,,,,,
2723077,22-049128,2,False,0109,10/25/2022 10:00:00 PM,2200,29X,14,109,Oakland,1,True,True,A,HEAD-ON,,Tuesday,,,,,False,False,False,,C,OTHER MOTOR VEHICLE,,1,0,C,DARK-STREET LIGHTS,,,,,,,A,NO PEDESTRIANS INVOLVED,,A,21801A,,1,68TH AV,2,,,A,,,FOOTHILL RD,,,A,7/26/2024 8:44:20 AM,1/29/2025 9:31:52 AM,,,2,,,,,,,
2723074,22-047973,2,False,0109,10/19/2022 8:10:00 AM,810,07X,14,109,Oakland,1,True,True,H,OTHER,,Wednesday,,,M,,False,False,False,,G,BICYCLE,,1,0,A,DAYLIGHT,,,,,,,A,NO PEDESTRIANS INVOLVED,,A,22350,,1,10TH ST,1,,,A,,,FALLON ST,,,D,7/26/2024 8:44:20 AM,1/29/2025 9:31:52 AM,,,2,,,,,,,
2723065,22-011464,2,False,0109,3/10/2022 1:50:00 PM,1350,04X,14,109,Oakland,1,True,True,B,SIDE SWIPE,,Thursday,,,,,False,False,False,,G,BICYCLE,,1,0,A,DAYLIGHT,,,,,,,A,NO PEDESTRIANS INVOLVED,,A,22107,,1,CLAY ST,1,,,A,,,FRANK H OGAWA PLZ,,,A,7/26/2024 8:44:19 AM,1/29/2025 9:31:52 AM,,,2,,,,,,,
2723060,22-049834,2,False,0109,10/30/2022 5:56:00 AM,556,31X,14,109,Oakland,1,True,True,B,SIDE SWIPE,,Sunday,,,M,,False,False,True,,E,PARKED MOTOR VEHICLE,,0,0,A,DAYLIGHT,,,,,,,A,NO PEDESTRIANS INVOLVED,,A,22107,,1,ACALANES DR,1,,,A,E,300.0,BERGEDO DR,F,,D,7/26/2024 8:44:19 AM,1/29/2025 9:31:51 AM,,,2,,,,,,,
2723055,22-033000,2,False,0109,7/19/2022 9:30:00 PM,2130,26X,14,109,Oakland,1,True,True,D,BROADSIDE,,Tuesday,,,,,False,False,False,,C,OTHER MOTOR VEHICLE,,0,0,C,DARK-STREET LIGHTS,,,,,,,A,NO PEDESTRIANS INVOLVED,,A,21802A,,1,SAN LEANDRO ST,2,,,A,,,54TH AV,,,D,7/26/2024 8:44:19 AM,1/29/2025 9:31:51 AM,,,2,,,,,,,
2723053,22-024532,2,False,0109,5/28/2022 7:58:00 PM,1958,06X,14,109,Oakland,1,True,True,D,BROADSIDE,,Saturday,,,M,,False,False,False,,C,OTHER MOTOR VEHICLE,,0,0,B,DUSK-DAWN,,,,,,,A,NO PEDESTRIANS INVOLVED,,A,21802A,,1,ADELINE ST,1,,,A,,,26TH ST,,,A,7/26/2024 8:44:19 AM,1/29/2025 9:31:51 AM,,,2,,,,,,,
2723052,22-024095,2,False,0109,5/25/2022 8:01:00 PM,2001,21X,14,109,Oakland,1,True,True,C,REAR END,,Wednesday,,,,,False,False,False,,E,PARKED MOTOR VEHICLE,,0,0,A,DAYLIGHT,,,,,,,A,NO PEDESTRIANS INVOLVED,,A,22107,,1,FOOTHILL BL,2,,,A,W,150.0,COOLIDGE AV,F,,D,7/26/2024 8:44:19 AM,1/29/2025 9:31:51 AM,,,2,,,,,,,
2723051,22-025975,2,False,0109,6/6/2022 12:31:00 PM,1231,26X,14,109,Oakland,1,True,True,C,REAR END,,Monday,,,,,False,False,False,,C,OTHER MOTOR VEHICLE,,0,0,A,DAYLIGHT,,,,,,,A,NO PEDESTRIANS INVOLVED,,A,,,1,HEGENBERGER RD,2,,,A,S,150.0,INTERNATIONAL BL,F,,A,7/26/2024 8:44:19 AM,1/29/2025 9:31:51 AM,,,2,,,,,,,
2723049,22-020467,2,False,0109,5/3/2022 8:13:00 PM,2013,24X,14,109,Oakland,1,True,True,C,REAR END,,Tuesday,,,M,,False,False,False,,E,PARKED MOTOR VEHICLE,,0,0,D,DARK-NO STREET LIGHTS,,,,,,,A,NO PEDESTRIANS INVOLVED,,A,22107,,1,41ST AV,2,,,A,S,30.0,CARRINGTON AV,F,,D,7/26/2024 8:44:18 AM,1/29/2025 9:31:51 AM,,,2,,,,,,,
2723041,22-057082,2,False,0109,12/12/2022 8:03:00 AM,803,26X,14,109,Oakland,1,True,True,B,SIDE SWIPE,,Monday,,,M,,False,False,False,,E,PARKED MOTOR VEHICLE,,0,0,A,DAYLIGHT,,,,,,,A,NO PEDESTRIANS INVOLVED,,A,22107,,1,79TH AV,1,,,A,S,20.0,INTERNATIONAL BL,F,,D,7/26/2024 8:44:18 AM,1/29/2025 9:31:51 AM,,,2,,,,,,,
2722947,22-009511,2,False,0109,2/27/2022 1:28:00 PM,1328,09X,14,109,Oakland,1,True,True,C,REAR END,,Sunday,,,M,,False,False,False,,C,OTHER MOTOR VEHICLE,,2,0,A,DAYLIGHT,,,,,,,A,NO PEDESTRIANS INVOLVED,,A,22350,,1,SAN PABLO AV,1,,,A,,,ALCATRAZ AV,,,A,7/26/2024 8:44:13 AM,1/29/2025 9:31:50 AM,,,2,,,,,,,
2722805,22-050726,2,False,0109,11/4/2022 12:56:00 PM,1256,05X,14,109,Oakland,1,True,True,B,SIDE SWIPE,,Friday,,,,,False,False,True,,C,OTHER MOTOR VEHICLE,,0,0,A,DAYLIGHT,,,,,,,A,NO PEDESTRIANS INVOLVED,,A,21755,,1,FRONTAGE RD,1,,,A,N,200.0,14TH ST,F,,A,7/26/2024 8:44:03 AM,1/29/2025 9:31:47 AM,,,2,,,,,,,
2722723,22-030608,2,False,0109,7/5/2022 10:49:00 AM,1049,02Y,14,109,Oakland,1,True,True,E,HIT OBJECT,,Tuesday,,,,,False,False,False,,I,FIXED OBJECT,,0,0,A,DAYLIGHT,,,,,,,A,NO PEDESTRIANS INVOLVED,,A,22100B,,1,3RD ST,1,,,A,,,PERALTA ST,,,D,7/26/2024 8:43:58 AM,1/29/2025 9:31:45 AM,,,2,,,,,,,
2722113,22010275,2,False,0109,3/3/2022 7:13:00 PM,1913,23X,14,109,Oakland,1,True,True,C,REAR END,,Thursday,,,M,,False,False,False,,,,,0,0,C,DARK-STREET LIGHTS,,,,,,,A,NO PEDESTRIANS INVOLVED,,A,21703,,1,HIGH ST,2,,,B,S,60.0,INTERNATIONAL BL,F,,A,7/26/2024 8:43:20 AM,1/29/2025 9:31:36 AM,,,2,,,,,,,
2722109,22-040596,2,False,0109,9/4/2022 8:09:00 PM,2009,18X,14,109,Oakland,1,True,True,D,BROADSIDE,,Sunday,,,,,False,False,False,,C,OTHER MOTOR VEHICLE,,1,0,C,DARK-STREET LIGHTS,,,,,,,A,NO PEDESTRIANS INVOLVED,,A,21453A,,,E 12TH ST,1,,,A,,,23RD AV,,,A,7/26/2024 8:43:19 AM,1/29/2025 9:31:36 AM,,,2,,,,,,,
2722108,22-044232,2,False,0109,9/27/2022 11:50:00 AM,1150,23X,14,109,Oakland,1,True,True,H,OTHER,,Tuesday,,,,,False,False,False,,G,BICYCLE,,1,0,A,DAYLIGHT,,,,,,,A,NO PEDESTRIANS INVOLVED,,A,22107,,1,INTERNATIONAL BL,2,,,A,,,34TH AV,,,A,7/26/2024 8:43:19 AM,1/29/2025 9:31:36 AM,,,2,,,,,,,
2722104,22-048256,2,False,0109,10/20/2022 4:40:00 PM,1640,11X,14,109,Oakland,1,True,True,D,BROADSIDE,,Thursday,,,,,False,False,False,,G,BICYCLE,,1,0,A,DAYLIGHT,,,,,,,A,NO PEDESTRIANS INVOLVED,,A,21801A,,1,SHATTUCK AV,1,,,A,,,54TH ST,,,D,7/26/2024 8:43:19 AM,1/29/2025 9:31:36 AM,,,2,,,,,,,
2722102,22-043771,2,False,0109,9/24/2022 7:53:00 AM,753,23X,14,109,Oakland,1,True,True,D,BROADSIDE,,Saturday,,,M,,False,False,False,,C,OTHER MOTOR VEHICLE,,1,0,A,DAYLIGHT,,,,,,,A,NO PEDESTRIANS INVOLVED,,A,22103,,1,FRUITVALE AV,2,,,A,S,15.0,E 19TH ST,F,,D,7/26/2024 8:43:19 AM,1/29/2025 9:31:36 AM,,,2,,,,,,,
2722092,22-050333,2,False,0109,11/2/2022 8:21:00 AM,821,09X,14,109,Oakland,1,True,True,A,HEAD-ON,,Wednesday,,,,,False,False,False,,C,OTHER MOTOR VEHICLE,,0,0,A,DAYLIGHT,,,,,,,A,NO PEDESTRIANS INVOLVED,,A,21453,,1,MACARTHUR BL,1,,,A,,,OAKLAND AV,,,A,7/26/2024 8:43:18 AM,1/29/2025 9:31:35 AM,,,2,,,,,,,
2722091,22-049466,2,False,0109,10/28/2022 2:09:00 AM,209,32X,14,109,Oakland,1,True,True,A,HEAD-ON,,Friday,,,M,,False,False,False,,C,OTHER MOTOR VEHICLE,,0,0,C,DARK-STREET LIGHTS,,,,,,,A,NO PEDESTRIANS INVOLVED,,A,21453A,,,98TH AV,2,,,A,,,PLYMOUTH ST,,,A,7/26/2024 8:43:18 AM,1/29/2025 9:31:35 AM,,,2,,,,,,,
2722090,22-050375,2,False,0109,11/2/2022 1:00:00 PM,1300,05X,14,109,Oakland,1,True,True,D,BROADSIDE,,Wednesday,,,,,False,False,False,,C,OTHER MOTOR VEHICLE,,0,0,A,DAYLIGHT,,,,,,,A,NO PEDESTRIANS INVOLVED,,A,21453A,,1,17TH ST,1,,,A,,,BRUSH ST,,,A,7/26/2024 8:43:18 AM,1/29/2025 9:31:35 AM,,,2,,,,,,,
2722089,22-047070,2,False,0109,10/13/2022 7:51:00 PM,1951,21X,14,109,Oakland,1,True,True,D,BROADSIDE,,Thursday,,,,,False,False,False,,C,OTHER MOTOR VEHICLE,,3,0,B,DUSK-DAWN,,,,,,,A,NO PEDESTRIANS INVOLVED,,A,22350,,2,FRUITVALE AV,2,,,A,,,E 23RD ST,,,A,7/26/2024 8:43:18 AM,1/29/2025 9:31:35 AM,,,2,,,,,,,
2722087,22-015421,2,False,0109,4/3/2022 12:23:00 AM,23,04X,14,109,Oakland,1,True,True,C,REAR END,,Sunday,,,M,,False,False,False,,C,OTHER MOTOR VEHICLE,,0,0,C,DARK-STREET LIGHTS,,,,,,,A,NO PEDESTRIANS INVOLVED,,A,22350,,1,BROADWAY,1,,,A,,,14TH ST,,,A,7/26/2024 8:43:18 AM,1/29/2025 9:31:36 AM,,,2,,,,,,,
2722086,22-041133,2,False,0109,9/8/2022 9:50:00 AM,950,25X,14,109,Oakland,1,True,True,B,SIDE SWIPE,,Thursday,,,,,False,False,False,,C,OTHER MOTOR VEHICLE,,0,0,A,DAYLIGHT,,,,,,,A,NO PEDESTRIANS INVOLVED,,A,22517,,1,MACARTHUR BL,2,,,A,W,200.0,HIGHT ST,F,,A,7/26/2024 8:43:18 AM,1/29/2025 9:31:35 AM,,,2,,,,,,,
2722084,22-009594,2,False,0109,2/28/2022 3:00:00 AM,300,05Y,14,109,Oakland,1,True,True,C,REAR END,,Monday,,,,,False,False,True,,C,OTHER MOTOR VEHICLE,,0,0,C,DARK-STREET LIGHTS,,,,,,,A,NO PEDESTRIANS INVOLVED,,A,22350,,1,W GRAND AVE,1,,,A,,,MANDELA PKWY,,,A,7/26/2024 8:43:18 AM,1/29/2025 9:31:35 AM,,,2,,,,,,,
2722083,22-059497,2,False,0109,12/26/2022 10:24:00 PM,2224,19X,14,109,Oakland,1,True,True,C,REAR END,,Monday,,,,,False,False,False,,C,OTHER MOTOR VEHICLE,,0,0,A,DAYLIGHT,,,,,,,A,NO PEDESTRIANS INVOLVED,,A,22350,,1,INTERNATIONAL BL,1,,,B,W,20.0,13TH AV,F,,A,7/26/2024 8:43:18 AM,1/29/2025 9:31:35 AM,,,2,,,,,,,
2722073,22-057997,2,False,0109,12/17/2022 2:36:00 AM,236,26X,14,109,Oakland,1,True,True,C,REAR END,,Saturday,,,M,,False,False,True,,C,OTHER MOTOR VEHICLE,,2,0,C,DARK-STREET LIGHTS,,,,,,,A,NO PEDESTRIANS INVOLVED,,A,22350,,1,SAN LEANDRO ST,2,,,A,,,54TH AV,,,D,7/26/2024 8:43:17 AM,1/29/2025 9:31:35 AM,,,2,,,,,,,
2722072,22-043380,2,False,0109,9/21/2022 8:14:00 PM,2014,20X,14,109,Oakland,1,True,True,C,REAR END,,Wednesday,,,M,,False,False,False,,E,PARKED MOTOR VEHICLE,,0,0,C,DARK-STREET LIGHTS,,,,,,,A,NO PEDESTRIANS INVOLVED,,A,22107,,1,FOOTHILL BL,2,,,A,E,10.0,MILLER ST,F,,A,7/26/2024 8:43:17 AM,1/29/2025 9:31:35 AM,,,2,,,,,,,
2722068,22-059334,2,False,0109,12/25/2022 2:46:00 PM,1446,31X,14,109,Oakland,1,True,True,D,BROADSIDE,,Sunday,,,,,False,False,False,,C,OTHER MOTOR VEHICLE,,1,0,A,DAYLIGHT,,,,,,,A,NO PEDESTRIANS INVOLVED,,A,21802A,,1,NEVADA ST,2,,,A,,,WALTER AV,,,A,7/26/2024 8:43:17 AM,1/29/2025 9:31:35 AM,,,2,,,,,,,
2722060,22-059603,2,False,0109,12/27/2022 1:43:00 PM,1343,09X,14,109,Oakland,1,True,True,C,REAR END,,Tuesday,,,M,,False,False,False,,C,OTHER MOTOR VEHICLE,,2,0,A,DAYLIGHT,,,,,,,A,NO PEDESTRIANS INVOLVED,,A,22350,,1,PIEDMONT AV,1,,,B,,,41ST ST,,,A,7/26/2024 8:43:16 AM,1/29/2025 9:31:35 AM,,,2,,,,,,,
2721951,22-056894,2,False,0109,12/10/2022 6:31:00 PM,1831,29X,14,109,Oakland,1,True,True,D,BROADSIDE,,Saturday,,,,,False,False,True,,C,OTHER MOTOR VEHICLE,,0,0,C,DARK-STREET LIGHTS,,,,,,,A,NO PEDESTRIANS INVOLVED,,A,23152A,,1,55TH AV,2,,,A,,,BANCROFT AV,,,A,7/26/2024 8:43:09 AM,1/29/2025 9:31:33 AM,,,2,,,,,,,
2721947,22-056524,2,False,0109,12/8/2022 3:46:00 PM,1546,35X,14,109,Oakland,1,True,True,C,REAR END,,Thursday,,,,,False,False,False,,C,OTHER MOTOR VEHICLE,,0,0,A,DAYLIGHT,,,,,,,A,NO PEDESTRIANS INVOLVED,,A,23152A,,1,FONTAINE ST,2,,,A,W,40.0,KELLER AV,F,,D,7/26/2024 8:43:09 AM,1/29/2025 9:31:33 AM,,,2,,,,,,,
2721935,22-032305,2,False,0109,7/15/2022 11:05:00 AM,1105,26X,14,109,Oakland,1,True,True,H,OTHER,,Friday,,,,,False,False,True,,F,TRAIN,,1,0,A,DAYLIGHT,,,,,,,A,NO PEDESTRIANS INVOLVED,,D,,,,50TH AV,2,,,A,,,COLISEUM WY,,,A,7/26/2024 8:43:08 AM,1/29/2025 9:31:33 AM,,,2,,,,,,,
2721752,22-046039,2,False,0109,10/7/2022 5:00:00 PM,1700,02Y,14,109,Oakland,1,True,True,B,SIDE SWIPE,,Friday,,,,,False,False,False,,I,FIXED OBJECT,,0,0,A,DAYLIGHT,,,,,,,A,NO PEDESTRIANS INVOLVED,,B,,,,10TH ST,1,,,A,W,90.0,PINE ST,F,,D,7/26/2024 8:42:56 AM,1/29/2025 9:31:30 AM,,,2,,,,,,,
2721749,22-047747,2,False,0109,10/18/2022 7:12:00 PM,1912,03Y,14,109,Oakland,1,True,True,B,SIDE SWIPE,,Tuesday,,,,,False,False,False,,I,FIXED OBJECT,,0,0,C,DARK-STREET LIGHTS,,,,,,,A,NO PEDESTRIANS INVOLVED,,B,,,,6TH ST,1,,,A,W,3.0,BROADWAY,F,,A,7/26/2024 8:42:55 AM,1/29/2025 9:31:30 AM,,,2,,,,,,,
2721737,22-058228,2,False,0109,12/18/2022 4:44:00 PM,1644,23X,14,109,Oakland,1,True,True,G,VEHICLE/PEDESTRAIN,,Sunday,,,,,False,False,False,,B,PEDESTRIAN,,1,0,A,DAYLIGHT,,,,,,,B,CROSSING IN CROSS WALK AT INTERSECTION,,B,,,,E 17TH ST,2,,,A,,,FRUITVALE AV,,,A,7/26/2024 8:42:55 AM,1/29/2025 9:31:29 AM,,,2,,,,,,,
2721736,22-055284,2,False,0109,12/1/2022 11:19:00 AM,1119,26Y,14,109,Oakland,1,True,True,C,REAR END,,Thursday,,,,,False,False,False,,C,OTHER MOTOR VEHICLE,,0,0,A,DAYLIGHT,,,,,,,A,NO PEDESTRIANS INVOLVED,,D,22350,,1,SEMINARY AV,2,,,B,N,95.0,INTERNATIONAL BL,F,,A,7/26/2024 8:42:55 AM,1/29/2025 9:31:30 AM,,,2,,,,,,,
2721732,22-059238,2,False,0109,12/24/2022 7:20:00 PM,1920,03X,14,109,Oakland,1,True,True,B,SIDE SWIPE,,Saturday,,,,,False,False,False,,C,OTHER MOTOR VEHICLE,,0,0,B,DUSK-DAWN,,,,,,,A,NO PEDESTRIANS INVOLVED,,A,22107,,1,CASTRO ST,1,,,A,S,20.0,7TH ST,F,,A,7/26/2024 8:42:55 AM,1/29/2025 9:31:29 AM,,,2,,,,,,,
2721714,22-052846,2,False,0109,11/16/2022 3:19:00 PM,1519,02Y,14,109,Oakland,1,True,True,E,HIT OBJECT,,Wednesday,,,,,False,False,False,,I,FIXED OBJECT,,0,0,A,DAYLIGHT,,,,,,,A,NO PEDESTRIANS INVOLVED,,B,,,1,PINE ST,1,,,A,,,8TH ST,,,D,7/26/2024 8:42:53 AM,1/29/2025 9:31:29 AM,,,2,,,,,,,
2721713,22-049075,2,False,0109,10/25/2022 3:34:00 PM,1534,02Y,14,109,Oakland,1,True,True,B,SIDE SWIPE,,Tuesday,,,,,False,False,False,,E,PARKED MOTOR VEHICLE,,0,0,A,DAYLIGHT,,,,,,,A,NO PEDESTRIANS INVOLVED,,B,,,1,13TH ST,1,,,A,E,150.0,OAK ST,F,,D,7/26/2024 8:42:53 AM,1/29/2025 9:31:29 AM,,,2,,,,,,,
2721712,22-047363,2,False,0109,10/15/2022 6:49:00 PM,1849,02X,14,109,Oakland,1,True,True,D,BROADSIDE,,Saturday,,,,,False,False,True,,C,OTHER MOTOR VEHICLE,,1,0,C,DARK-STREET LIGHTS,,,,,,,A,NO PEDESTRIANS INVOLVED,,B,,,1,7TH ST,1,,,A,,,ADELINE ST,,,A,7/26/2024 8:42:53 AM,1/29/2025 9:31:29 AM,,,2,,,,,,,
2721711,22-047017,2,False,0109,10/13/2022 2:33:00 PM,1433,02Y,14,109,Oakland,1,True,True,C,REAR END,,Thursday,,,,,False,False,False,,C,OTHER MOTOR VEHICLE,,0,0,A,DAYLIGHT,,,,,,,A,NO PEDESTRIANS INVOLVED,,B,,,1,MANDELA PKWY,1,,,A,,,10TH ST,,,A,7/26/2024 8:42:53 AM,1/29/2025 9:31:29 AM,,,2,,,,,,,
2721709,22-044440,2,False,0109,9/28/2022 5:00:00 PM,1700,23X,14,109,Oakland,1,True,True,A,HEAD-ON,,Wednesday,,,M,,False,False,False,,E,PARKED MOTOR VEHICLE,,0,0,A,DAYLIGHT,,,,,,,A,NO PEDESTRIANS INVOLVED,,A,22106,,1,E 8TH ST,2,,,A,,,36TH AV,,,,7/26/2024 8:42:53 AM,1/29/2025 9:31:29 AM,,,2,,,,,,,
2721227,22-059354,2,False,0109,12/25/2022 4:49:00 PM,1649,27X,14,109,Oakland,1,True,True,H,OTHER,,Sunday,,,M,,False,False,True,,E,PARKED MOTOR VEHICLE,,0,0,B,DUSK-DAWN,,,,,,,A,NO PEDESTRIANS INVOLVED,,A,23152A,,1,51ST AV,2,,,A,S,40.0,FOOTHILL BL,F,,D,7/26/2024 8:42:23 AM,1/29/2025 9:31:20 AM,,,2,,,,,,,
2721196,22-057828,2,False,0109,12/16/2022 9:21:00 AM,921,06X,14,109,Oakland,1,True,True,D,BROADSIDE,,Friday,,,,,False,False,False,,C,OTHER MOTOR VEHICLE,,0,0,A,DAYLIGHT,,,,,,,A,NO PEDESTRIANS INVOLVED,,A,21453A,,1,NORTHGATE AV,1,,,A,,,27TH ST,,,A,7/26/2024 8:42:21 AM,1/29/2025 9:31:20 AM,,,2,,,,,,,
2720971,22-058704,2,False,0109,12/21/2022 2:00:00 PM,1400,26X,14,109,Oakland,1,True,True,D,BROADSIDE,,Wednesday,,,,,False,True,False,,C,OTHER MOTOR VEHICLE,,3,0,A,DAYLIGHT,,,,,,,A,NO PEDESTRIANS INVOLVED,,A,21453A,,1,66TH AV,2,,,A,,,RT 880,,,A,7/26/2024 8:42:06 AM,1/29/2025 9:31:16 AM,,,2,,,,,,,
2720961,22-056913,2,False,0109,12/10/2022 11:49:00 PM,2349,29X,14,109,Oakland,1,True,True,A,HEAD-ON,,Saturday,,,,,False,False,False,,B,PEDESTRIAN,,1,0,C,DARK-STREET LIGHTS,,,,,,,B,CROSSING IN CROSS WALK AT INTERSECTION,,A,21453D,,2,SEMINARY AV,2,,,B,S,10.0,CAMDEN ST,F,,A,7/26/2024 8:42:05 AM,1/29/2025 9:31:16 AM,,,2,,,,,,,
2720916,22-060158,2,False,0109,12/30/2022 9:07:00 PM,2107,34X,14,109,Oakland,1,True,True,B,SIDE SWIPE,,Friday,,,M,,False,False,False,,C,OTHER MOTOR VEHICLE,,0,0,C,DARK-STREET LIGHTS,,,,,,,A,NO PEDESTRIANS INVOLVED,,A,21655B,,1,INTERNATIONAL BL,2,,,B,,,92ND AV,,,A,7/26/2024 8:42:02 AM,1/29/2025 9:31:15 AM,,,2,,,,,,,
2720911,22-050973,2,False,0109,11/5/2022 9:38:00 PM,2138,21X,14,109,Oakland,1,True,True,D,BROADSIDE,,Saturday,,,M,,False,False,False,,C,OTHER MOTOR VEHICLE,,0,0,C,DARK-STREET LIGHTS,,,,,,,A,NO PEDESTRIANS INVOLVED,,A,22450A,,1,27TH AV,2,,,A,S,10.0,E 21ST ST,F,,C,7/26/2024 8:42:01 AM,1/29/2025 9:31:15 AM,,,2,,,,,,,
2720896,22-030250,2,False,0109,7/3/2022 1:33:00 AM,133,10X,14,109,Oakland,1,True,True,C,REAR END,,Sunday,,,M,,False,False,False,,C,OTHER MOTOR VEHICLE,,0,0,C,DARK-STREET LIGHTS,,,,,,,A,NO PEDESTRIANS INVOLVED,,A,23152A,,1,MARTIN LUTHER KING JR WY,2,,,A,,,60TH ST,,,A,7/26/2024 8:42:00 AM,1/29/2025 9:31:15 AM,,,2,,,,,,,
2720887,22-056534,2,False,0109,12/8/2022 5:19:00 PM,1719,01X,14,109,Oakland,1,True,True,B,SIDE SWIPE,,Thursday,,,,,False,False,False,,C,OTHER MOTOR VEHICLE,,0,0,C,DARK-STREET LIGHTS,,,,,,,A,NO PEDESTRIANS INVOLVED,,A,22107,,1,5TH ST,1,,,B,W,30.0,JACKSON ST,F,,A,7/26/2024 8:42:00 AM,1/29/2025 9:31:15 AM,,,2,,,,,,,
2720884,22-059294,2,False,0109,12/25/2022 5:35:00 AM,535,06X,14,109,Oakland,1,True,True,D,BROADSIDE,,Sunday,,,M,,False,False,False,,E,PARKED MOTOR VEHICLE,,0,0,C,DARK-STREET LIGHTS,,,,,,,A,NO PEDESTRIANS INVOLVED,,A,22107,,1,25TH ST,1,,,A,W,200.0,MARTIN LUTHER KING JR,F,,D,7/26/2024 8:41:59 AM,1/29/2025 9:31:15 AM,,,2,,,,,,,